Date,Close
2010-01-04,4876.2998046875
2010-01-05,4924.2998046875
2010-01-06,4921.39990234375
2010-01-07,4899.39990234375
2010-01-08,4912.10009765625
2010-01-11,4950.7001953125
2010-01-12,4899.5
2010-01-13,4868.10009765625
2010-01-14,4898.0
2010-01-15,4899.60009765625
2010-01-18,4911.10009765625
2010-01-19,4861.2001953125
2010-01-20,4868.2001953125
2010-01-21,4827.2001953125
2010-01-22,4750.60009765625
2010-01-25,4717.89990234375
2010-01-27,4644.60009765625
2010-01-28,4673.2998046875
2010-01-29,4569.60009765625
2010-02-01,4524.10009765625
2010-02-02,4605.2998046875
2010-02-03,4647.89990234375
2010-02-04,4621.60009765625
2010-02-05,4514.10009765625
2010-02-08,4521.39990234375
2010-02-09,4505.10009765625
2010-02-10,4513.39990234375
2010-02-11,4554.2998046875
2010-02-12,4562.10009765625
2010-02-15,4545.5
2010-02-16,4567.7998046875
2010-02-17,4667.89990234375
2010-02-18,4654.89990234375
2010-02-19,4635.10009765625
2010-02-22,4717.5
2010-02-23,4718.2998046875
2010-02-24,4648.5
2010-02-25,4594.10009765625
2010-02-26,4637.7001953125
2010-03-01,4686.5
2010-03-02,4701.89990234375
2010-03-03,4735.7001953125
2010-03-04,4750.5
2010-03-05,4767.2001953125
2010-03-08,4807.89990234375
2010-03-09,4820.10009765625
2010-03-10,4820.0
2010-03-11,4814.2001953125
2010-03-12,4818.10009765625
2010-03-15,4784.10009765625
2010-03-16,4797.2001953125
2010-03-17,4853.2001953125
2010-03-18,4863.10009765625
2010-03-19,4872.2001953125
2010-03-22,4830.2001953125
2010-03-23,4874.7998046875
2010-03-24,4891.5
2010-03-25,4885.39990234375
2010-03-26,4896.89990234375
2010-03-29,4897.2998046875
2010-03-30,4916.7998046875
2010-03-31,4875.5
2010-04-01,4907.7001953125
2010-04-06,4953.7001953125
2010-04-07,4960.89990234375
2010-04-08,4937.89990234375
2010-04-09,4948.10009765625
2010-04-12,4984.2998046875
2010-04-13,4951.60009765625
2010-04-14,4994.7001953125
2010-04-15,5001.89990234375
2010-04-16,4984.7001953125
2010-04-19,4915.10009765625
2010-04-20,4925.7998046875
2010-04-21,4954.2998046875
2010-04-22,4907.39990234375
2010-04-23,4881.5
2010-04-27,4880.0
2010-04-28,4822.7998046875
2010-04-29,4785.60009765625
2010-04-30,4807.39990234375
2010-05-03,4785.5
2010-05-04,4737.10009765625
2010-05-05,4674.0
2010-05-06,4573.2001953125
2010-05-07,4480.7001953125
2010-05-10,4599.7998046875
2010-05-11,4548.0
2010-05-12,4573.0
2010-05-13,4652.7998046875
2010-05-14,4611.10009765625
2010-05-17,4467.2001953125
2010-05-18,4470.7001953125
2010-05-19,4387.10009765625
2010-05-20,4316.5
2010-05-21,4305.39990234375
2010-05-24,4395.39990234375
2010-05-25,4265.2998046875
2010-05-26,4307.2001953125
2010-05-27,4379.2001953125
2010-05-28,4457.5
2010-05-31,4429.7001953125
2010-06-01,4413.10009765625
2010-06-02,4381.0
2010-06-03,4486.0
2010-06-04,4449.39990234375
2010-06-07,4325.89990234375
2010-06-08,4381.2001953125
2010-06-09,4385.2998046875
2010-06-10,4435.2998046875
2010-06-11,4505.5
2010-06-15,4505.0
2010-06-17,4527.2998046875
2010-06-18,4551.89990234375
2010-06-21,4612.60009765625
2010-06-22,4558.2998046875
2010-06-23,4486.10009765625
2010-06-24,4479.7001953125
2010-06-25,4413.0
2010-06-28,4384.5
2010-06-29,4345.7001953125
2010-06-30,4301.5
2010-07-01,4237.5
2010-07-02,4238.7001953125
2010-07-05,4222.10009765625
2010-07-06,4276.10009765625
2010-07-07,4254.60009765625
2010-07-08,4356.89990234375
2010-07-09,4396.2998046875
2010-07-12,4409.89990234375
2010-07-13,4380.2998046875
2010-07-14,4462.39990234375
2010-07-15,4442.60009765625
2010-07-16,4422.7001953125
2010-07-19,4358.2998046875
2010-07-20,4403.60009765625
2010-07-21,4412.7001953125
2010-07-22,4374.7001953125
2010-07-23,4458.39990234375
2010-07-26,4486.10009765625
2010-07-27,4497.39990234375
2010-07-28,4529.89990234375
2010-07-29,4524.10009765625
2010-07-30,4493.5
2010-08-02,4541.60009765625
2010-08-03,4571.60009765625
2010-08-04,4542.10009765625
2010-08-05,4566.5
2010-08-06,4566.10009765625
2010-08-09,4594.89990234375
2010-08-10,4540.7001953125
2010-08-11,4455.5
2010-08-12,4400.89990234375
2010-08-13,4459.60009765625
2010-08-16,4438.5
2010-08-17,4477.0
2010-08-18,4474.89990234375
2010-08-19,4479.0
2010-08-20,4430.89990234375
2010-08-23,4429.0
2010-08-24,4381.2998046875
2010-08-25,4320.10009765625
2010-08-26,4356.0
2010-08-27,4370.10009765625
2010-08-30,4452.7001953125
2010-08-31,4404.2001953125
2010-09-01,4495.7001953125
2010-09-02,4532.7001953125
2010-09-03,4541.2001953125
2010-09-06,4575.5
2010-09-07,4573.2001953125
2010-09-08,4537.2001953125
2010-09-09,4582.2001953125
2010-09-10,4560.2998046875
2010-09-13,4614.89990234375
2010-09-14,4626.5
2010-09-15,4661.5
2010-09-16,4605.2998046875
2010-09-17,4638.89990234375
2010-09-20,4631.2998046875
2010-09-21,4617.5
2010-09-22,4625.2001953125
2010-09-23,4633.60009765625
2010-09-24,4601.89990234375
2010-09-27,4675.39990234375
2010-09-28,4669.7998046875
2010-09-29,4645.0
2010-09-30,4582.89990234375
2010-10-01,4579.2001953125
2010-10-04,4625.2998046875
2010-10-05,4606.89990234375
2010-10-06,4686.7998046875
2010-10-07,4691.2998046875
2010-10-08,4681.39990234375
2010-10-11,4697.5
2010-10-12,4618.2001953125
2010-10-13,4619.89990234375
2010-10-14,4699.10009765625
2010-10-15,4689.0
2010-10-18,4651.89990234375
2010-10-19,4655.7001953125
2010-10-20,4624.89990234375
2010-10-21,4622.89990234375
2010-10-22,4648.2001953125
2010-10-25,4710.0
2010-10-26,4687.7998046875
2010-10-27,4648.10009765625
2010-10-28,4684.89990234375
2010-10-29,4661.60009765625
2010-11-01,4698.5
2010-11-02,4701.39990234375
2010-11-03,4722.60009765625
2010-11-04,4745.2998046875
2010-11-05,4800.60009765625
2010-11-08,4778.39990234375
2010-11-09,4740.7001953125
2010-11-10,4699.7998046875
2010-11-11,4728.60009765625
2010-11-12,4692.7001953125
2010-11-15,4688.0
2010-11-16,4700.2998046875
2010-11-17,4624.2998046875
2010-11-18,4640.2001953125
2010-11-19,4629.2001953125
2010-11-22,4643.5
2010-11-23,4589.10009765625
2010-11-24,4584.60009765625
2010-11-25,4593.39990234375
2010-11-26,4598.2998046875
2010-11-29,4618.5
2010-11-30,4584.39990234375
2010-12-01,4586.60009765625
2010-12-02,4676.2001953125
2010-12-03,4694.2001953125
2010-12-06,4688.60009765625
2010-12-07,4726.7998046875
2010-12-08,4699.89990234375
2010-12-09,4741.2998046875
2010-12-10,4745.89990234375
2010-12-13,4757.10009765625
2010-12-14,4766.89990234375
2010-12-15,4767.7998046875
2010-12-16,4784.0
2010-12-17,4763.10009765625
2010-12-20,4736.60009765625
2010-12-21,4771.89990234375
2010-12-22,4778.39990234375
2010-12-23,4799.0
2010-12-24,4777.2998046875
2010-12-29,4775.2001953125
2010-12-30,4790.39990234375
2010-12-31,4745.2001953125
2011-01-04,4742.5
2011-01-05,4714.89990234375
2011-01-06,4725.0
2011-01-07,4705.0
2011-01-10,4712.2998046875
2011-01-11,4710.7001953125
2011-01-12,4724.2001953125
2011-01-13,4795.2001953125
2011-01-14,4801.5
2011-01-17,4763.10009765625
2011-01-18,4801.7998046875
2011-01-19,4834.60009765625
2011-01-20,4783.7001953125
2011-01-21,4755.7001953125
2011-01-24,4786.0
2011-01-25,4807.7998046875
2011-01-27,4806.10009765625
2011-01-28,4774.89990234375
2011-01-31,4753.89990234375
2011-02-01,4752.10009765625
2011-02-02,4796.5
2011-02-03,4820.60009765625
2011-02-04,4862.7001953125
2011-02-07,4868.5
2011-02-08,4890.39990234375
2011-02-09,4904.7998046875
2011-02-10,4914.39990234375
2011-02-11,4880.89990234375
2011-02-14,4935.7998046875
2011-02-15,4931.0
2011-02-16,4930.2001953125
2011-02-17,4938.39990234375
2011-02-18,4936.7001953125
2011-02-21,4900.0
2011-02-22,4856.7001953125
2011-02-23,4845.89990234375
2011-02-24,4809.2998046875
2011-02-25,4836.5
2011-02-28,4831.7001953125
2011-03-01,4826.39990234375
2011-03-02,4803.2001953125
2011-03-03,4806.39990234375
2011-03-04,4864.2998046875
2011-03-07,4797.89990234375
2011-03-08,4808.2001953125
2011-03-09,4767.7998046875
2011-03-10,4699.7001953125
2011-03-11,4644.7998046875
2011-03-15,4528.7001953125
2011-03-16,4558.2001953125
2011-03-17,4555.2998046875
2011-03-18,4626.39990234375
2011-03-21,4642.7998046875
2011-03-22,4643.39990234375
2011-03-23,4652.39990234375
2011-03-24,4699.60009765625
2011-03-25,4742.60009765625
2011-03-28,4733.60009765625
2011-03-29,4755.7998046875
2011-03-30,4822.2001953125
2011-03-31,4837.89990234375
2011-04-01,4861.7998046875
2011-04-04,4886.7998046875
2011-04-05,4900.10009765625
2011-04-06,4912.89990234375
2011-04-07,4908.10009765625
2011-04-08,4940.60009765625
2011-04-11,4971.2001953125
2011-04-12,4898.7001953125
2011-04-13,4911.0
2011-04-14,4884.2001953125
2011-04-15,4852.10009765625
2011-04-18,4861.89990234375
2011-04-19,4793.2998046875
2011-04-20,4859.0
2011-04-21,4913.7998046875
2011-04-27,4872.89990234375
2011-04-28,4873.0
2011-04-29,4823.2001953125
2011-05-02,4825.2998046875
2011-05-03,4784.60009765625
2011-05-04,4740.10009765625
2011-05-05,4753.7001953125
2011-05-06,4743.0
2011-05-09,4756.7998046875
2011-05-10,4725.7998046875
2011-05-11,4780.2001953125
2011-05-12,4696.10009765625
2011-05-13,4711.39990234375
2011-05-16,4650.0
2011-05-17,4683.89990234375
2011-05-18,4693.7001953125
2011-05-19,4756.39990234375
2011-05-20,4732.2001953125
2011-05-23,4643.0
2011-05-24,4628.7998046875
2011-05-25,4584.7001953125
2011-05-26,4660.2001953125
2011-05-27,4684.0
2011-05-30,4667.5
2011-05-31,4708.2998046875
2011-06-01,4707.2998046875
2011-06-02,4600.39990234375
2011-06-03,4583.10009765625
2011-06-06,4569.10009765625
2011-06-07,4566.2998046875
2011-06-08,4536.7998046875
2011-06-09,4549.60009765625
2011-06-10,4562.10009765625
2011-06-14,4585.0
2011-06-15,4566.7998046875
2011-06-16,4479.2001953125
2011-06-17,4484.89990234375
2011-06-20,4451.7001953125
2011-06-21,4508.2001953125
2011-06-22,4532.60009765625
2011-06-23,4500.5
2011-06-24,4508.10009765625
2011-06-27,4461.7998046875
2011-06-28,4474.2998046875
2011-06-29,4529.5
2011-06-30,4608.0
2011-07-01,4591.2001953125
2011-07-04,4610.7001953125
2011-07-05,4598.10009765625
2011-07-06,4605.0
2011-07-07,4605.5
2011-07-08,4654.7001953125
2011-07-11,4582.2998046875
2011-07-12,4495.39990234375
2011-07-13,4514.7998046875
2011-07-14,4490.7001953125
2011-07-15,4473.5
2011-07-18,4472.0
2011-07-19,4468.10009765625
2011-07-20,4549.7001953125
2011-07-21,4556.0
2011-07-22,4602.89990234375
2011-07-25,4530.39990234375
2011-07-26,4573.2998046875
2011-07-27,4537.39990234375
2011-07-28,4463.7998046875
2011-07-29,4424.60009765625
2011-08-02,4433.60009765625
2011-08-03,4332.7998046875
2011-08-04,4276.5
2011-08-05,4105.39990234375
2011-08-08,3986.10009765625
2011-08-09,4034.800048828125
2011-08-10,4141.2998046875
2011-08-11,4140.7998046875
2011-08-12,4172.60009765625
2011-08-15,4282.89990234375
2011-08-16,4247.2998046875
2011-08-17,4303.89990234375
2011-08-18,4251.2001953125
2011-08-19,4101.89990234375
2011-08-22,4082.300048828125
2011-08-23,4173.39990234375
2011-08-24,4167.60009765625
2011-08-25,4212.7998046875
2011-08-26,4200.0
2011-08-29,4263.2998046875
2011-08-30,4269.2001953125
2011-08-31,4296.5
2011-09-01,4307.5
2011-09-02,4242.89990234375
2011-09-05,4141.89990234375
2011-09-06,4075.5
2011-09-07,4183.39990234375
2011-09-08,4188.0
2011-09-09,4194.7001953125
2011-09-12,4038.5
2011-09-13,4072.699951171875
2011-09-14,4005.800048828125
2011-09-15,4071.699951171875
2011-09-16,4149.39990234375
2011-09-19,4081.5
2011-09-20,4040.199951171875
2011-09-21,4071.800048828125
2011-09-22,3964.89990234375
2011-09-23,3903.199951171875
2011-09-26,3863.89990234375
2011-09-27,4004.60009765625
2011-09-28,4039.5
2011-09-29,4008.300048828125
2011-09-30,4008.60009765625
2011-10-04,3872.10009765625
2011-10-05,3926.5
2011-10-06,4069.89990234375
2011-10-07,4162.89990234375
2011-10-11,4227.60009765625
2011-10-12,4204.2998046875
2011-10-13,4244.5
2011-10-14,4205.60009765625
2011-10-17,4275.39990234375
2011-10-18,4186.89990234375
2011-10-19,4213.7001953125
2011-10-20,4144.89990234375
2011-10-21,4141.89990234375
2011-10-24,4255.0
2011-10-25,4227.89990234375
2011-10-26,4242.5
2011-10-27,4348.2001953125
2011-10-28,4353.2998046875
2011-10-31,4298.10009765625
2011-11-02,4184.60009765625
2011-11-03,4171.7998046875
2011-11-04,4281.10009765625
2011-11-07,4273.39990234375
2011-11-08,4293.7998046875
2011-11-09,4346.10009765625
2011-11-10,4244.10009765625
2011-11-11,4296.5
2011-11-14,4304.60009765625
2011-11-15,4285.60009765625
2011-11-16,4247.39990234375
2011-11-17,4258.2001953125
2011-11-18,4177.0
2011-11-21,4163.0
2011-11-22,4133.0
2011-11-23,4051.0
2011-11-24,4044.199951171875
2011-11-25,3984.300048828125
2011-11-28,4058.199951171875
2011-11-29,4102.10009765625
2011-11-30,4119.7998046875
2011-12-01,4228.60009765625
2011-12-02,4288.0
2011-12-05,4321.2998046875
2011-12-06,4262.0
2011-12-07,4292.5
2011-12-08,4280.7001953125
2011-12-09,4203.0
2011-12-12,4252.7998046875
2011-12-13,4193.39990234375
2011-12-14,4190.5
2011-12-15,4139.7998046875
2011-12-16,4159.2001953125
2011-12-19,4060.39990234375
2011-12-20,4053.10009765625
2011-12-21,4139.5
2011-12-22,4090.800048828125
2011-12-23,4140.39990234375
2011-12-28,4088.800048828125
2011-12-29,4071.10009765625
2011-12-30,4056.60009765625
2012-01-03,4101.2001953125
2012-01-04,4187.7998046875
2012-01-05,4142.7001953125
2012-01-06,4108.5
2012-01-09,4105.39990234375
2012-01-10,4152.2001953125
2012-01-11,4187.5
2012-01-12,4181.0
2012-01-13,4195.89990234375
2012-01-17,4215.60009765625
2012-01-18,4217.89990234375
2012-01-19,4214.7998046875
2012-01-20,4239.60009765625
2012-01-23,4225.10009765625
2012-01-24,4224.2001953125
2012-01-25,4271.2998046875
2012-01-27,4288.39990234375
2012-01-30,4272.7001953125
2012-01-31,4262.7001953125
2012-02-01,4225.7001953125
2012-02-02,4267.7998046875
2012-02-03,4251.2001953125
2012-02-06,4296.0
2012-02-07,4274.2001953125
2012-02-08,4290.7001953125
2012-02-09,4282.89990234375
2012-02-10,4245.2998046875
2012-02-13,4285.10009765625
2012-02-14,4242.7998046875
2012-02-15,4253.39990234375
2012-02-16,4181.89990234375
2012-02-17,4195.89990234375
2012-02-20,4256.10009765625
2012-02-21,4291.2001953125
2012-02-22,4293.10009765625
2012-02-23,4286.2001953125
2012-02-24,4306.7998046875
2012-02-27,4267.39990234375
2012-02-28,4262.7001953125
2012-02-29,4298.5
2012-03-01,4255.5
2012-03-02,4273.10009765625
2012-03-05,4263.0
2012-03-06,4204.7001953125
2012-03-07,4143.7001953125
2012-03-08,4171.0
2012-03-09,4212.0
2012-03-12,4196.7001953125
2012-03-13,4247.60009765625
2012-03-14,4287.2001953125
2012-03-15,4277.7998046875
2012-03-16,4276.2001953125
2012-03-19,4290.7998046875
2012-03-20,4275.0
2012-03-21,4254.2998046875
2012-03-22,4273.7001953125
2012-03-23,4270.39990234375
2012-03-26,4262.7998046875
2012-03-27,4301.2998046875
2012-03-28,4343.5
2012-03-29,4337.89990234375
2012-03-30,4335.2001953125
2012-04-02,4329.2998046875
2012-04-03,4337.0
2012-04-04,4333.89990234375
2012-04-05,4319.7998046875
2012-04-10,4292.2998046875
2012-04-12,4280.60009765625
2012-04-13,4323.2998046875
2012-04-16,4302.2998046875
2012-04-17,4288.7998046875
2012-04-18,4348.7001953125
2012-04-19,4362.7001953125
2012-04-20,4366.5
2012-04-23,4352.39990234375
2012-04-24,4360.39990234375
2012-04-26,4375.2001953125
2012-04-27,4362.10009765625
2012-04-30,4396.60009765625
2012-05-01,4429.5
2012-05-02,4435.89990234375
2012-05-03,4429.0
2012-05-04,4396.0
2012-05-07,4301.2998046875
2012-05-08,4314.39990234375
2012-05-09,4275.10009765625
2012-05-10,4295.60009765625
2012-05-11,4285.10009765625
2012-05-14,4297.0
2012-05-15,4266.2998046875
2012-05-16,4165.5
2012-05-17,4157.39990234375
2012-05-18,4046.5
2012-05-21,4073.60009765625
2012-05-22,4121.0
2012-05-23,4067.0
2012-05-24,4055.800048828125
2012-05-25,4029.199951171875
2012-05-28,4068.0
2012-05-29,4114.39990234375
2012-05-30,4094.199951171875
2012-05-31,4076.300048828125
2012-06-01,4063.89990234375
2012-06-04,3985.0
2012-06-05,4043.699951171875
2012-06-06,4055.300048828125
2012-06-07,4108.60009765625
2012-06-08,4063.699951171875
2012-06-12,4072.89990234375
2012-06-13,4063.800048828125
2012-06-14,4042.199951171875
2012-06-15,4057.300048828125
2012-06-18,4136.89990234375
2012-06-19,4123.2998046875
2012-06-20,4132.39990234375
2012-06-21,4087.60009765625
2012-06-22,4048.199951171875
2012-06-25,4027.800048828125
2012-06-26,4013.300048828125
2012-06-27,4043.199951171875
2012-06-28,4044.800048828125
2012-06-29,4094.60009765625
2012-07-02,4133.0
2012-07-03,4127.2001953125
2012-07-04,4172.2001953125
2012-07-05,4169.2001953125
2012-07-06,4157.7998046875
2012-07-09,4118.2998046875
2012-07-10,4098.0
2012-07-11,4096.5
2012-07-12,4068.0
2012-07-13,4082.199951171875
2012-07-16,4105.10009765625
2012-07-17,4140.7998046875
2012-07-18,4123.60009765625
2012-07-19,4206.7001953125
2012-07-20,4199.10009765625
2012-07-23,4128.89990234375
2012-07-24,4133.2001953125
2012-07-25,4123.89990234375
2012-07-26,4147.7001953125
2012-07-27,4209.7998046875
2012-07-30,4245.7001953125
2012-07-31,4269.2001953125
2012-08-01,4262.7998046875
2012-08-02,4269.5
2012-08-03,4221.5
2012-08-06,4272.60009765625
2012-08-07,4291.60009765625
2012-08-08,4312.60009765625
2012-08-09,4308.2998046875
2012-08-10,4277.2998046875
2012-08-13,4283.2998046875
2012-08-14,4292.2001953125
2012-08-15,4281.2001953125
2012-08-16,4330.2001953125
2012-08-17,4370.10009765625
2012-08-20,4364.2998046875
2012-08-21,4383.39990234375
2012-08-22,4376.0
2012-08-23,4383.7001953125
2012-08-24,4349.0
2012-08-27,4343.7001953125
2012-08-28,4359.39990234375
2012-08-29,4356.39990234375
2012-08-30,4315.7001953125
2012-08-31,4316.10009765625
2012-09-03,4329.7001953125
2012-09-04,4303.5
2012-09-05,4278.7998046875
2012-09-06,4312.89990234375
2012-09-07,4325.7998046875
2012-09-10,4333.7998046875
2012-09-11,4325.7998046875
2012-09-12,4361.2998046875
2012-09-13,4339.39990234375
2012-09-14,4390.0
2012-09-17,4402.5
2012-09-18,4394.7001953125
2012-09-19,4418.39990234375
2012-09-20,4397.2001953125
2012-09-21,4408.2998046875
2012-09-24,4385.5
2012-09-25,4372.89990234375
2012-09-26,4361.60009765625
2012-09-27,4384.2001953125
2012-09-28,4387.0
2012-10-01,4388.60009765625
2012-10-02,4433.0
2012-10-03,4438.60009765625
2012-10-04,4452.39990234375
2012-10-05,4494.39990234375
2012-10-08,4481.89990234375
2012-10-09,4505.2998046875
2012-10-10,4490.7001953125
2012-10-11,4483.5
2012-10-12,4486.60009765625
2012-10-15,4483.39990234375
2012-10-16,4491.5
2012-10-17,4528.2001953125
2012-10-18,4559.39990234375
2012-10-19,4571.10009765625
2012-10-22,4541.0
2012-10-23,4543.10009765625
2012-10-24,4505.7998046875
2012-10-25,4510.5
2012-10-26,4472.39990234375
2012-10-29,4476.89990234375
2012-10-30,4485.7001953125
2012-10-31,4517.0
2012-11-01,4457.60009765625
2012-11-02,4460.10009765625
2012-11-05,4474.10009765625
2012-11-06,4484.7998046875
2012-11-07,4516.5
2012-11-08,4483.7998046875
2012-11-09,4462.0
2012-11-12,4448.0
2012-11-13,4379.7998046875
2012-11-14,4388.39990234375
2012-11-15,4349.2998046875
2012-11-16,4336.7998046875
2012-11-19,4361.39990234375
2012-11-20,4385.7001953125
2012-11-21,4369.5
2012-11-22,4413.10009765625
2012-11-23,4413.0
2012-11-26,4424.2001953125
2012-11-27,4456.7998046875
2012-11-28,4447.2998046875
2012-11-29,4477.7001953125
2012-11-30,4506.0
2012-12-03,4531.5
2012-12-04,4503.60009765625
2012-12-05,4520.39990234375
2012-12-06,4509.2998046875
2012-12-07,4551.7998046875
2012-12-10,4557.89990234375
2012-12-11,4576.0
2012-12-12,4583.7998046875
2012-12-13,4582.7998046875
2012-12-14,4583.10009765625
2012-12-17,4573.39990234375
2012-12-18,4595.2001953125
2012-12-19,4617.7998046875
2012-12-20,4634.10009765625
2012-12-21,4623.60009765625
2012-12-24,4635.2001953125
2012-12-27,4648.0
2012-12-28,4671.2998046875
2012-12-31,4649.0
2013-01-02,4705.89990234375
2013-01-03,4740.7001953125
2013-01-04,4723.7998046875
2013-01-07,4717.2998046875
2013-01-08,4690.2998046875
2013-01-09,4708.10009765625
2013-01-10,4723.0
2013-01-11,4709.5
2013-01-14,4719.7001953125
2013-01-15,4716.60009765625
2013-01-16,4738.39990234375
2013-01-17,4756.60009765625
2013-01-18,4771.2001953125
2013-01-21,4777.5
2013-01-22,4779.10009765625
2013-01-23,4787.7998046875
2013-01-24,4810.2001953125
2013-01-25,4835.2001953125
2013-01-29,4889.0
2013-01-30,4896.7001953125
2013-01-31,4878.7998046875
2013-02-01,4921.10009765625
2013-02-04,4907.5
2013-02-05,4882.7001953125
2013-02-06,4921.0
2013-02-07,4935.7001953125
2013-02-08,4971.2998046875
2013-02-11,4959.5
2013-02-12,4959.0
2013-02-13,5003.7001953125
2013-02-14,5036.89990234375
2013-02-15,5033.89990234375
2013-02-18,5063.39990234375
2013-02-19,5081.89990234375
2013-02-20,5098.7001953125
2013-02-21,4980.10009765625
2013-02-22,5018.10009765625
2013-02-25,5055.7998046875
2013-02-26,5003.60009765625
2013-02-27,5036.60009765625
2013-02-28,5104.10009765625
2013-03-01,5086.10009765625
2013-03-04,5010.5
2013-03-05,5075.39990234375
2013-03-06,5116.7998046875
2013-03-07,5109.2001953125
2013-03-08,5123.39990234375
2013-03-11,5146.89990234375
2013-03-12,5117.89990234375
2013-03-13,5092.39990234375
2013-03-14,5032.2001953125
2013-03-15,5120.2001953125
2013-03-18,5015.39990234375
2013-03-19,4987.39990234375
2013-03-20,4967.39990234375
2013-03-21,4959.39990234375
2013-03-22,4967.2998046875
2013-03-25,4990.2001953125
2013-03-26,4950.2001953125
2013-03-27,4995.0
2013-03-28,4966.5
2013-04-02,4985.5
2013-04-03,4957.7001953125
2013-04-04,4913.5
2013-04-05,4891.39990234375
2013-04-08,4905.5
2013-04-09,4976.7998046875
2013-04-10,4968.0
2013-04-11,5007.10009765625
2013-04-12,5013.5
2013-04-15,4967.89990234375
2013-04-16,4950.7998046875
2013-04-17,5004.60009765625
2013-04-18,4924.39990234375
2013-04-19,4931.89990234375
2013-04-22,4966.60009765625
2013-04-23,5016.2001953125
2013-04-24,5102.39990234375
2013-04-26,5097.5
2013-04-29,5125.7998046875
2013-04-30,5191.2001953125
2013-05-01,5166.2001953125
2013-05-02,5130.0
2013-05-03,5129.5
2013-05-06,5156.2001953125
2013-05-07,5143.7001953125
2013-05-08,5199.7998046875
2013-05-09,5198.39990234375
2013-05-10,5206.10009765625
2013-05-13,5210.2998046875
2013-05-14,5221.0
2013-05-15,5191.7001953125
2013-05-16,5165.7001953125
2013-05-17,5180.7998046875
2013-05-20,5209.0
2013-05-21,5180.10009765625
2013-05-22,5165.39990234375
2013-05-23,5062.39990234375
2013-05-24,4983.5
2013-05-27,4959.89990234375
2013-05-28,4970.7001953125
2013-05-29,4974.7001953125
2013-05-30,4930.7001953125
2013-05-31,4926.60009765625
2013-06-03,4888.2998046875
2013-06-04,4900.7998046875
2013-06-05,4835.2001953125
2013-06-06,4781.2001953125
2013-06-07,4737.7001953125
2013-06-11,4757.10009765625
2013-06-12,4724.5
2013-06-13,4695.7998046875
2013-06-14,4791.7998046875
2013-06-17,4825.89990234375
2013-06-18,4814.39990234375
2013-06-19,4861.39990234375
2013-06-20,4758.39990234375
2013-06-21,4738.7998046875
2013-06-24,4669.10009765625
2013-06-25,4656.0
2013-06-26,4731.7001953125
2013-06-27,4811.2998046875
2013-06-28,4802.60009765625
2013-07-01,4710.2998046875
2013-07-02,4834.0
2013-07-03,4744.10009765625
2013-07-04,4794.7001953125
2013-07-05,4841.7001953125
2013-07-08,4809.5
2013-07-09,4881.7001953125
2013-07-10,4901.39990234375
2013-07-11,4965.7001953125
2013-07-12,4973.89990234375
2013-07-15,4981.10009765625
2013-07-16,4986.0
2013-07-17,4981.7001953125
2013-07-18,4993.39990234375
2013-07-19,4972.10009765625
2013-07-22,5001.89990234375
2013-07-23,5017.10009765625
2013-07-24,5035.10009765625
2013-07-25,5035.60009765625
2013-07-26,5042.0
2013-07-29,5046.2998046875
2013-07-30,5047.2001953125
2013-07-31,5052.0
2013-08-01,5061.5
2013-08-02,5116.7998046875
2013-08-05,5111.2998046875
2013-08-06,5105.60009765625
2013-08-07,5011.2998046875
2013-08-08,5064.7998046875
2013-08-09,5055.2001953125
2013-08-12,5108.7001953125
2013-08-13,5157.7001953125
2013-08-14,5157.39990234375
2013-08-15,5152.39990234375
2013-08-16,5113.89990234375
2013-08-19,5112.5
2013-08-20,5078.2001953125
2013-08-21,5100.0
2013-08-22,5075.7001953125
2013-08-23,5123.39990234375
2013-08-26,5135.39990234375
2013-08-27,5141.2001953125
2013-08-28,5087.2001953125
2013-08-29,5092.39990234375
2013-08-30,5135.0
2013-09-02,5188.2998046875
2013-09-03,5196.60009765625
2013-09-04,5161.60009765625
2013-09-05,5142.5
2013-09-06,5145.0
2013-09-09,5181.5
2013-09-10,5201.2001953125
2013-09-11,5234.39990234375
2013-09-12,5242.5
2013-09-13,5219.60009765625
2013-09-16,5248.0
2013-09-17,5251.2001953125
2013-09-18,5238.10009765625
2013-09-19,5295.60009765625
2013-09-20,5276.7001953125
2013-09-23,5252.5
2013-09-24,5234.2001953125
2013-09-25,5275.89990234375
2013-09-26,5294.5
2013-09-27,5307.10009765625
2013-09-30,5218.89990234375
2013-10-01,5206.7998046875
2013-10-02,5215.60009765625
2013-10-03,5234.89990234375
2013-10-04,5208.0
2013-10-07,5161.10009765625
2013-10-08,5149.39990234375
2013-10-09,5153.0
2013-10-10,5147.10009765625
2013-10-11,5230.89990234375
2013-10-14,5207.89990234375
2013-10-15,5259.10009765625
2013-10-16,5262.89990234375
2013-10-17,5283.10009765625
2013-10-18,5321.5
2013-10-21,5351.7998046875
2013-10-22,5373.10009765625
2013-10-23,5356.10009765625
2013-10-24,5372.89990234375
2013-10-25,5386.2998046875
2013-10-28,5441.39990234375
2013-10-29,5415.5
2013-10-30,5430.89990234375
2013-10-31,5425.5
2013-11-01,5411.10009765625
2013-11-04,5390.5
2013-11-05,5432.0
2013-11-06,5433.7998046875
2013-11-07,5422.0
2013-11-08,5400.7001953125
2013-11-11,5387.10009765625
2013-11-12,5393.10009765625
2013-11-13,5319.2001953125
2013-11-14,5355.39990234375
2013-11-15,5401.7001953125
2013-11-18,5384.7001953125
2013-11-19,5352.89990234375
2013-11-20,5307.7001953125
2013-11-21,5288.2998046875
2013-11-22,5335.89990234375
2013-11-25,5352.7998046875
2013-11-26,5357.0
2013-11-27,5332.89990234375
2013-11-28,5334.2998046875
2013-11-29,5320.10009765625
2013-12-02,5279.5
2013-12-03,5256.10009765625
2013-12-04,5273.7998046875
2013-12-05,5198.0
2013-12-06,5186.0
2013-12-09,5144.39990234375
2013-12-10,5143.60009765625
2013-12-11,5104.2998046875
2013-12-12,5062.5
2013-12-13,5098.39990234375
2013-12-16,5089.60009765625
2013-12-17,5103.2001953125
2013-12-18,5096.10009765625
2013-12-19,5202.2001953125
2013-12-20,5265.2001953125
2013-12-23,5291.89990234375
2013-12-24,5327.2001953125
2013-12-27,5324.10009765625
2013-12-30,5356.7998046875
2013-12-31,5352.2001953125
2014-01-02,5367.89990234375
2014-01-03,5350.10009765625
2014-01-06,5324.89990234375
2014-01-07,5317.0
2014-01-08,5316.0
2014-01-09,5324.39990234375
2014-01-10,5312.39990234375
2014-01-13,5292.10009765625
2014-01-14,5212.0
2014-01-15,5245.39990234375
2014-01-16,5309.10009765625
2014-01-17,5305.89990234375
2014-01-20,5295.0
2014-01-21,5331.5
2014-01-22,5319.7998046875
2014-01-23,5263.0
2014-01-24,5240.89990234375
2014-01-28,5175.10009765625
2014-01-29,5229.0
2014-01-30,5188.10009765625
2014-01-31,5190.0
2014-02-03,5187.89990234375
2014-02-04,5097.10009765625
2014-02-05,5070.2998046875
2014-02-06,5131.39990234375
2014-02-07,5166.5
2014-02-10,5222.10009765625
2014-02-11,5254.5
2014-02-12,5310.10009765625
2014-02-13,5308.10009765625
2014-02-14,5356.2998046875
2014-02-18,5392.7998046875
2014-02-19,5408.2001953125
2014-02-20,5412.2998046875
2014-02-21,5438.7001953125
2014-02-24,5440.2001953125
2014-02-25,5433.7998046875
2014-02-26,5437.0
2014-02-27,5411.39990234375
2014-02-28,5404.7998046875
2014-03-03,5384.2998046875
2014-03-04,5400.2001953125
2014-03-05,5446.2001953125
2014-03-06,5445.89990234375
2014-03-07,5462.2998046875
2014-03-10,5411.5
2014-03-11,5413.7998046875
2014-03-12,5384.2001953125
2014-03-13,5412.60009765625
2014-03-14,5329.39990234375
2014-03-17,5317.60009765625
2014-03-18,5344.60009765625
2014-03-19,5355.60009765625
2014-03-20,5294.0
2014-03-21,5338.10009765625
2014-03-24,5346.89990234375
2014-03-25,5336.60009765625
2014-03-26,5376.7998046875
2014-03-27,5350.10009765625
2014-03-28,5366.89990234375
2014-03-31,5394.7998046875
2014-04-01,5389.2001953125
2014-04-02,5403.2998046875
2014-04-03,5409.89990234375
2014-04-04,5422.7998046875
2014-04-07,5413.7001953125
2014-04-08,5410.60009765625
2014-04-09,5463.7998046875
2014-04-10,5480.7998046875
2014-04-11,5428.60009765625
2014-04-14,5358.89990234375
2014-04-15,5388.2001953125
2014-04-16,5420.2998046875
2014-04-17,5454.2001953125
2014-04-22,5479.2998046875
2014-04-23,5517.7998046875
2014-04-24,5531.0
2014-04-28,5536.10009765625
2014-04-29,5486.60009765625
2014-04-30,5489.10009765625
2014-05-01,5448.7998046875
2014-05-02,5458.10009765625
2014-05-05,5462.2001953125
2014-05-06,5481.39990234375
2014-05-07,5435.7998046875
2014-05-08,5476.7998046875
2014-05-09,5460.7998046875
2014-05-12,5448.39990234375
2014-05-13,5498.2001953125
2014-05-14,5496.5
2014-05-15,5510.7998046875
2014-05-16,5479.0
2014-05-19,5409.0
2014-05-20,5420.39990234375
2014-05-21,5424.60009765625
2014-05-22,5479.89990234375
2014-05-23,5492.7998046875
2014-05-26,5512.7998046875
2014-05-27,5511.7001953125
2014-05-28,5527.2001953125
2014-05-29,5519.5
2014-05-30,5492.5
2014-06-02,5518.5
2014-06-03,5479.7001953125
2014-06-04,5444.7998046875
2014-06-05,5436.89990234375
2014-06-06,5464.0
2014-06-10,5469.7001953125
2014-06-11,5454.0
2014-06-12,5428.7998046875
2014-06-13,5405.10009765625
2014-06-16,5412.2998046875
2014-06-17,5400.7001953125
2014-06-18,5382.7001953125
2014-06-19,5468.2001953125
2014-06-20,5419.5
2014-06-23,5453.2998046875
2014-06-24,5432.7998046875
2014-06-25,5402.0
2014-06-26,5464.2998046875
2014-06-27,5445.10009765625
2014-06-30,5395.7001953125
2014-07-01,5375.89990234375
2014-07-02,5455.39990234375
2014-07-03,5491.2001953125
2014-07-04,5525.0
2014-07-07,5518.89990234375
2014-07-08,5510.89990234375
2014-07-09,5452.5
2014-07-10,5464.39990234375
2014-07-11,5486.7998046875
2014-07-14,5511.39990234375
2014-07-15,5511.2998046875
2014-07-16,5518.89990234375
2014-07-17,5522.39990234375
2014-07-18,5531.7001953125
2014-07-21,5539.89990234375
2014-07-22,5543.2998046875
2014-07-23,5576.7001953125
2014-07-24,5587.7998046875
2014-07-25,5583.5
2014-07-28,5577.39990234375
2014-07-29,5588.39990234375
2014-07-30,5622.89990234375
2014-07-31,5632.89990234375
2014-08-01,5556.39990234375
2014-08-04,5540.89990234375
2014-08-05,5518.60009765625
2014-08-06,5512.0
2014-08-07,5509.0
2014-08-08,5435.2998046875
2014-08-11,5457.0
2014-08-12,5530.2998046875
2014-08-13,5514.7001953125
2014-08-14,5548.5
2014-08-15,5566.5
2014-08-18,5587.10009765625
2014-08-19,5623.7998046875
2014-08-20,5634.60009765625
2014-08-21,5638.89990234375
2014-08-22,5645.60009765625
2014-08-25,5634.89990234375
2014-08-26,5637.60009765625
2014-08-27,5651.2001953125
2014-08-28,5624.39990234375
2014-08-29,5625.89990234375
2014-09-01,5629.7998046875
2014-09-02,5658.5
2014-09-03,5656.10009765625
2014-09-04,5631.2998046875
2014-09-05,5598.7001953125
2014-09-08,5577.0
2014-09-09,5607.89990234375
2014-09-10,5574.2998046875
2014-09-11,5546.10009765625
2014-09-12,5531.10009765625
2014-09-15,5473.5
2014-09-16,5445.39990234375
2014-09-17,5407.2998046875
2014-09-18,5415.7998046875
2014-09-19,5433.10009765625
2014-09-22,5363.0
2014-09-23,5415.7001953125
2014-09-24,5375.7998046875
2014-09-25,5382.2001953125
2014-09-26,5313.39990234375
2014-09-29,5264.2001953125
2014-09-30,5292.7998046875
2014-10-01,5334.10009765625
2014-10-02,5297.7001953125
2014-10-03,5318.2001953125
2014-10-06,5292.89990234375
2014-10-07,5284.2001953125
2014-10-08,5241.2998046875
2014-10-09,5296.7001953125
2014-10-10,5188.2998046875
2014-10-13,5155.5
2014-10-14,5207.39990234375
2014-10-15,5245.60009765625
2014-10-16,5254.89990234375
2014-10-17,5271.7001953125
2014-10-20,5319.39990234375
2014-10-21,5325.0
2014-10-22,5385.89990234375
2014-10-23,5383.10009765625
2014-10-24,5412.2001953125
2014-10-27,5459.0
2014-10-28,5452.60009765625
2014-10-29,5447.7001953125
2014-10-30,5476.2001953125
2014-10-31,5526.60009765625
2014-11-03,5506.89990234375
2014-11-04,5519.89990234375
2014-11-05,5517.89990234375
2014-11-06,5506.10009765625
2014-11-07,5549.10009765625
2014-11-10,5524.0
2014-11-11,5517.10009765625
2014-11-12,5463.10009765625
2014-11-13,5442.7001953125
2014-11-14,5454.2998046875
2014-11-17,5412.5
2014-11-18,5399.7001953125
2014-11-19,5368.7998046875
2014-11-20,5316.2001953125
2014-11-21,5304.2998046875
2014-11-24,5361.7998046875
2014-11-25,5334.7998046875
2014-11-26,5396.2001953125
2014-11-27,5332.39990234375
2014-11-28,5313.0
2014-12-01,5207.7001953125
2014-12-02,5281.2998046875
2014-12-03,5321.7998046875
2014-12-04,5368.7998046875
2014-12-05,5335.2998046875
2014-12-08,5338.60009765625
2014-12-09,5282.7001953125
2014-12-10,5259.0
2014-12-11,5231.0
2014-12-12,5219.60009765625
2014-12-15,5186.10009765625
2014-12-16,5152.2998046875
2014-12-17,5161.89990234375
2014-12-18,5210.7998046875
2014-12-19,5338.60009765625
2014-12-22,5442.0
2014-12-23,5380.89990234375
2014-12-24,5394.5
2014-12-29,5473.7998046875
2014-12-30,5416.60009765625
2014-12-31,5411.0
2015-01-02,5435.89990234375
2015-01-05,5450.2998046875
2015-01-06,5364.7998046875
2015-01-07,5353.60009765625
2015-01-08,5381.5
2015-01-09,5465.60009765625
2015-01-12,5422.7001953125
2015-01-13,5404.7001953125
2015-01-14,5353.60009765625
2015-01-15,5331.39990234375
2015-01-16,5299.2001953125
2015-01-19,5309.10009765625
2015-01-20,5307.7001953125
2015-01-21,5393.39990234375
2015-01-22,5419.89990234375
2015-01-23,5501.7998046875
2015-01-27,5547.2001953125
2015-01-28,5552.7998046875
2015-01-29,5569.5
2015-01-30,5588.2998046875
2015-02-02,5625.2998046875
2015-02-03,5707.39990234375
2015-02-04,5777.2998046875
2015-02-05,5811.0
2015-02-06,5820.2001953125
2015-02-09,5814.89990234375
2015-02-10,5800.60009765625
2015-02-11,5769.10009765625
2015-02-12,5743.60009765625
2015-02-13,5877.5
2015-02-16,5888.7001953125
2015-02-17,5858.2001953125
2015-02-18,5915.7001953125
2015-02-19,5904.2001953125
2015-02-20,5881.5
2015-02-23,5908.0
2015-02-24,5927.0
2015-02-25,5944.89990234375
2015-02-26,5908.5
2015-02-27,5928.7998046875
2015-03-02,5958.89990234375
2015-03-03,5933.89990234375
2015-03-04,5901.60009765625
2015-03-05,5904.2001953125
2015-03-06,5898.89990234375
2015-03-09,5821.2998046875
2015-03-10,5824.2001953125
2015-03-11,5793.2001953125
2015-03-12,5850.2001953125
2015-03-13,5814.5
2015-03-16,5797.7001953125
2015-03-17,5842.10009765625
2015-03-18,5842.2998046875
2015-03-19,5950.7998046875
2015-03-20,5975.5
2015-03-23,5956.10009765625
2015-03-24,5969.10009765625
2015-03-25,5973.2998046875
2015-03-26,5879.10009765625
2015-03-27,5919.89990234375
2015-03-30,5846.10009765625
2015-03-31,5891.5
2015-04-01,5860.7998046875
2015-04-02,5898.60009765625
2015-04-07,5926.0
2015-04-08,5960.7001953125
2015-04-09,5932.2001953125
2015-04-10,5968.39990234375
2015-04-13,5960.2998046875
2015-04-14,5946.60009765625
2015-04-15,5908.39990234375
2015-04-16,5947.5
2015-04-17,5877.89990234375
2015-04-20,5833.10009765625
2015-04-21,5872.2998046875
2015-04-22,5837.5
2015-04-23,5844.7998046875
2015-04-24,5933.2998046875
2015-04-27,5982.7001953125
2015-04-28,5948.5
2015-04-29,5838.60009765625
2015-04-30,5790.0
2015-05-01,5814.39990234375
2015-05-04,5827.5
2015-05-05,5826.5
2015-05-06,5692.2001953125
2015-05-07,5645.7001953125
2015-05-08,5634.60009765625
2015-05-11,5625.2001953125
2015-05-12,5674.7001953125
2015-05-13,5715.10009765625
2015-05-14,5696.60009765625
2015-05-15,5735.5
2015-05-18,5659.2001953125
2015-05-19,5615.5
2015-05-20,5610.2998046875
2015-05-21,5662.2998046875
2015-05-22,5664.7001953125
2015-05-25,5721.5
2015-05-26,5773.39990234375
2015-05-27,5725.2998046875
2015-05-28,5713.10009765625
2015-05-29,5777.2001953125
2015-06-01,5735.39990234375
2015-06-02,5636.0
2015-06-03,5583.60009765625
2015-06-04,5504.2998046875
2015-06-05,5498.5
2015-06-09,5471.2998046875
2015-06-10,5478.60009765625
2015-06-11,5556.7001953125
2015-06-12,5545.2998046875
2015-06-15,5538.7998046875
2015-06-16,5535.7998046875
2015-06-17,5595.39990234375
2015-06-18,5524.89990234375
2015-06-19,5597.0
2015-06-22,5610.2001953125
2015-06-23,5684.2998046875
2015-06-24,5686.7998046875
2015-06-25,5632.7001953125
2015-06-26,5545.89990234375
2015-06-29,5422.5
2015-06-30,5459.0
2015-07-01,5515.7001953125
2015-07-02,5599.7998046875
2015-07-03,5538.2998046875
2015-07-06,5475.0
2015-07-07,5581.39990234375
2015-07-08,5469.5
2015-07-09,5471.0
2015-07-10,5492.0
2015-07-13,5473.2001953125
2015-07-14,5577.39990234375
2015-07-15,5636.2001953125
2015-07-16,5669.60009765625
2015-07-17,5670.10009765625
2015-07-20,5686.89990234375
2015-07-21,5706.7001953125
2015-07-22,5614.60009765625
2015-07-23,5590.2998046875
2015-07-24,5566.10009765625
2015-07-27,5589.89990234375
2015-07-28,5584.7001953125
2015-07-29,5624.2001953125
2015-07-30,5669.5
2015-07-31,5699.2001953125
2015-08-03,5679.2998046875
2015-08-04,5697.89990234375
2015-08-05,5674.0
2015-08-06,5610.10009765625
2015-08-07,5474.7998046875
2015-08-10,5509.2001953125
2015-08-11,5473.2001953125
2015-08-12,5382.10009765625
2015-08-13,5387.89990234375
2015-08-14,5356.5
2015-08-17,5367.7001953125
2015-08-18,5303.10009765625
2015-08-19,5380.2001953125
2015-08-20,5288.60009765625
2015-08-21,5214.60009765625
2015-08-24,5001.2998046875
2015-08-25,5137.2998046875
2015-08-26,5172.7998046875
2015-08-27,5233.2998046875
2015-08-28,5263.60009765625
2015-08-31,5207.0
2015-09-01,5096.39990234375
2015-09-02,5101.5
2015-09-03,5027.7998046875
2015-09-04,5040.60009765625
2015-09-07,5030.39990234375
2015-09-08,5115.2001953125
2015-09-09,5221.10009765625
2015-09-10,5095.0
2015-09-11,5071.10009765625
2015-09-14,5096.5
2015-09-15,5018.39990234375
2015-09-16,5098.89990234375
2015-09-17,5146.7998046875
2015-09-18,5170.5
2015-09-21,5066.2001953125
2015-09-22,5103.60009765625
2015-09-23,4998.10009765625
2015-09-24,5071.7001953125
2015-09-25,5042.10009765625
2015-09-28,5113.5
2015-09-29,4918.39990234375
2015-09-30,5021.60009765625
2015-10-01,5112.10009765625
2015-10-02,5052.0
2015-10-05,5150.5
2015-10-06,5167.39990234375
2015-10-07,5197.89990234375
2015-10-08,5210.39990234375
2015-10-09,5279.7001953125
2015-10-12,5232.89990234375
2015-10-13,5202.89990234375
2015-10-14,5197.2998046875
2015-10-15,5230.0
2015-10-16,5268.2001953125
2015-10-19,5269.7001953125
2015-10-20,5235.60009765625
2015-10-21,5248.2998046875
2015-10-22,5263.7998046875
2015-10-23,5351.60009765625
2015-10-26,5348.0
2015-10-27,5346.2001953125
2015-10-28,5335.2001953125
2015-10-29,5266.89990234375
2015-10-30,5239.39990234375
2015-11-02,5165.7998046875
2015-11-03,5239.2001953125
2015-11-04,5242.2998046875
2015-11-05,5193.0
2015-11-06,5215.0
2015-11-09,5119.5
2015-11-10,5099.2001953125
2015-11-11,5122.60009765625
2015-11-12,5125.7001953125
2015-11-13,5051.2998046875
2015-11-16,5003.7998046875
2015-11-17,5118.2001953125
2015-11-18,5133.10009765625
2015-11-19,5242.60009765625
2015-11-20,5256.10009765625
2015-11-23,5276.39990234375
2015-11-24,5226.39990234375
2015-11-25,5193.7001953125
2015-11-26,5210.7001953125
2015-11-27,5202.60009765625
2015-11-30,5166.5
2015-12-01,5266.10009765625
2015-12-02,5258.2998046875
2015-12-03,5227.7001953125
2015-12-04,5151.60009765625
2015-12-07,5155.7001953125
2015-12-08,5108.60009765625
2015-12-09,5080.5
2015-12-10,5037.7001953125
2015-12-11,5029.5
2015-12-14,4928.60009765625
2015-12-15,4909.60009765625
2015-12-16,5028.39990234375
2015-12-17,5102.0
2015-12-18,5106.7001953125
2015-12-21,5109.0
2015-12-22,5116.7001953125
2015-12-23,5141.7998046875
2015-12-24,5207.60009765625
2015-12-29,5267.2998046875
2015-12-30,5319.89990234375
2015-12-31,5295.89990234375
2016-01-04,5270.5
2016-01-05,5184.39990234375
2016-01-06,5123.10009765625
2016-01-07,5010.2998046875
2016-01-08,4990.7998046875
2016-01-11,4932.2001953125
2016-01-12,4925.10009765625
2016-01-13,4987.39990234375
2016-01-14,4909.39990234375
2016-01-15,4892.7998046875
2016-01-18,4858.7001953125
2016-01-19,4903.10009765625
2016-01-20,4841.5
2016-01-21,4864.0
2016-01-22,4916.0
2016-01-25,5006.60009765625
2016-01-27,4946.39990234375
2016-01-28,4976.2001953125
2016-01-29,5005.5
2016-02-01,5043.60009765625
2016-02-02,4993.2998046875
2016-02-03,4876.7998046875
2016-02-04,4980.39990234375
2016-02-05,4976.2001953125
2016-02-08,4975.39990234375
2016-02-09,4832.10009765625
2016-02-10,4775.7001953125
2016-02-11,4821.10009765625
2016-02-12,4765.2998046875
2016-02-15,4843.5
2016-02-16,4910.0
2016-02-17,4882.10009765625
2016-02-18,4992.0
2016-02-19,4952.7998046875
2016-02-22,5001.2001953125
2016-02-23,4979.60009765625
2016-02-24,4875.0
2016-02-25,4881.2001953125
2016-02-26,4880.0
2016-02-29,4880.89990234375
2016-03-01,4922.2998046875
2016-03-02,5021.2001953125
2016-03-03,5081.10009765625
2016-03-04,5090.0
2016-03-07,5142.7998046875
2016-03-08,5108.0
2016-03-09,5157.2001953125
2016-03-10,5150.10009765625
2016-03-11,5166.39990234375
2016-03-14,5185.5
2016-03-15,5111.39990234375
2016-03-16,5119.0
2016-03-17,5168.2001953125
2016-03-18,5183.10009765625
2016-03-21,5166.60009765625
2016-03-22,5166.60009765625
2016-03-23,5142.2998046875
2016-03-24,5084.2001953125
2016-03-29,5004.5
2016-03-30,5010.2998046875
2016-03-31,5082.7998046875
2016-04-01,4999.39990234375
2016-04-04,4995.2998046875
2016-04-05,4924.39990234375
2016-04-06,4945.89990234375
2016-04-07,4964.10009765625
2016-04-08,4937.60009765625
2016-04-11,4931.5
2016-04-12,4975.60009765625
2016-04-13,5054.7001953125
2016-04-14,5118.60009765625
2016-04-15,5157.5
2016-04-18,5137.10009765625
2016-04-19,5188.7998046875
2016-04-20,5216.0
2016-04-21,5272.7001953125
2016-04-22,5236.39990234375
2016-04-26,5220.60009765625
2016-04-27,5187.7001953125
2016-04-28,5225.39990234375
2016-04-29,5252.2001953125
2016-05-02,5243.0
2016-05-03,5353.7998046875
2016-05-04,5271.10009765625
2016-05-05,5279.10009765625
2016-05-06,5292.0
2016-05-09,5320.7001953125
2016-05-10,5342.7998046875
2016-05-11,5372.2998046875
2016-05-12,5359.2998046875
2016-05-13,5329.0
2016-05-16,5358.89990234375
2016-05-17,5395.89990234375
2016-05-18,5356.2001953125
2016-05-19,5323.2998046875
2016-05-20,5351.2998046875
2016-05-23,5318.89990234375
2016-05-24,5295.60009765625
2016-05-25,5372.5
2016-05-26,5388.10009765625
2016-05-27,5405.89990234375
2016-05-30,5408.0
2016-05-31,5378.60009765625
2016-06-01,5323.2001953125
2016-06-02,5278.89990234375
2016-06-03,5318.89990234375
2016-06-06,5360.39990234375
2016-06-07,5371.0
2016-06-08,5370.0
2016-06-09,5361.89990234375
2016-06-10,5312.60009765625
2016-06-14,5203.2998046875
2016-06-15,5147.10009765625
2016-06-16,5146.0
2016-06-17,5162.7001953125
2016-06-20,5256.7998046875
2016-06-21,5274.39990234375
2016-06-22,5270.89990234375
2016-06-23,5280.7001953125
2016-06-24,5113.2001953125
2016-06-27,5137.2001953125
2016-06-28,5103.2998046875
2016-06-29,5142.39990234375
2016-06-30,5233.39990234375
2016-07-01,5246.60009765625
2016-07-04,5281.7998046875
2016-07-05,5228.0
2016-07-06,5197.5
2016-07-07,5227.89990234375
2016-07-08,5230.5
2016-07-11,5337.10009765625
2016-07-12,5353.2001953125
2016-07-13,5388.5
2016-07-14,5411.60009765625
2016-07-15,5429.60009765625
2016-07-18,5458.5
2016-07-19,5451.2998046875
2016-07-20,5488.7001953125
2016-07-21,5512.39990234375
2016-07-22,5498.2001953125
2016-07-25,5533.60009765625
2016-07-26,5537.5
2016-07-27,5539.7001953125
2016-07-28,5556.60009765625
2016-07-29,5562.2998046875
2016-08-01,5587.39990234375
2016-08-02,5540.5
2016-08-03,5465.7001953125
2016-08-04,5475.7998046875
2016-08-05,5497.39990234375
2016-08-08,5537.7998046875
2016-08-09,5552.5
2016-08-10,5543.7001953125
2016-08-11,5508.0
2016-08-12,5530.89990234375
2016-08-15,5540.0
2016-08-16,5532.0
2016-08-17,5535.0
2016-08-18,5507.7998046875
2016-08-19,5526.7001953125
2016-08-22,5515.10009765625
2016-08-23,5553.7998046875
2016-08-24,5561.7001953125
2016-08-25,5541.89990234375
2016-08-26,5515.5
2016-08-29,5469.2001953125
2016-08-30,5478.2998046875
2016-08-31,5433.0
2016-09-01,5415.60009765625
2016-09-02,5372.7998046875
2016-09-05,5429.60009765625
2016-09-06,5413.60009765625
2016-09-07,5424.2001953125
2016-09-08,5385.7998046875
2016-09-09,5339.2001953125
2016-09-12,5219.60009765625
2016-09-13,5207.7998046875
2016-09-14,5227.7001953125
2016-09-15,5239.89990234375
2016-09-16,5296.7001953125
2016-09-19,5294.7998046875
2016-09-20,5303.60009765625
2016-09-21,5339.60009765625
2016-09-22,5374.5
2016-09-23,5431.2998046875
2016-09-26,5431.39990234375
2016-09-27,5405.89990234375
2016-09-28,5412.39990234375
2016-09-29,5471.2998046875
2016-09-30,5435.89990234375
2016-10-03,5478.5
2016-10-04,5484.0
2016-10-05,5452.89990234375
2016-10-06,5483.0
2016-10-07,5467.39990234375
2016-10-10,5475.39990234375
2016-10-11,5479.7998046875
2016-10-12,5474.60009765625
2016-10-13,5435.5
2016-10-14,5434.0
2016-10-17,5388.7001953125
2016-10-18,5410.7998046875
2016-10-19,5435.39990234375
2016-10-20,5442.10009765625
2016-10-21,5430.2998046875
2016-10-24,5408.5
2016-10-25,5442.7998046875
2016-10-26,5359.7998046875
2016-10-27,5295.5
2016-10-28,5283.7998046875
2016-10-31,5317.7001953125
2016-11-01,5290.5
2016-11-02,5229.0
2016-11-03,5225.60009765625
2016-11-04,5180.7998046875
2016-11-07,5250.7998046875
2016-11-08,5257.7998046875
2016-11-09,5156.60009765625
2016-11-10,5328.7998046875
2016-11-11,5370.7001953125
2016-11-14,5345.7001953125
2016-11-15,5326.2001953125
2016-11-16,5327.7001953125
2016-11-17,5338.5
2016-11-18,5359.39990234375
2016-11-21,5351.2998046875
2016-11-22,5413.2998046875
2016-11-23,5484.39990234375
2016-11-24,5485.10009765625
2016-11-25,5507.7998046875
2016-11-28,5464.39990234375
2016-11-29,5457.5
2016-11-30,5440.5
2016-12-01,5500.2001953125
2016-12-02,5444.0
2016-12-05,5400.39990234375
2016-12-06,5428.7001953125
2016-12-07,5478.10009765625
2016-12-08,5543.60009765625
2016-12-09,5560.60009765625
2016-12-12,5562.7998046875
2016-12-13,5545.0
2016-12-14,5584.60009765625
2016-12-15,5538.60009765625
2016-12-16,5532.89990234375
2016-12-19,5562.10009765625
2016-12-20,5591.10009765625
2016-12-21,5613.5
2016-12-22,5643.89990234375
2016-12-23,5627.89990234375
2016-12-28,5685.0
2016-12-29,5699.10009765625
2016-12-30,5665.7998046875
2017-01-03,5733.2001953125
2017-01-04,5736.39990234375
2017-01-05,5753.2998046875
2017-01-06,5755.60009765625
2017-01-09,5807.39990234375
2017-01-10,5760.7001953125
2017-01-11,5771.5
2017-01-12,5766.89990234375
2017-01-13,5721.10009765625
2017-01-16,5748.39990234375
2017-01-17,5699.39990234375
2017-01-18,5678.7998046875
2017-01-19,5692.2001953125
2017-01-20,5654.7998046875
2017-01-23,5611.0
2017-01-24,5650.10009765625
2017-01-25,5671.5
2017-01-27,5714.0
2017-01-30,5661.5
2017-01-31,5620.89990234375
2017-02-01,5653.2001953125
2017-02-02,5645.39990234375
2017-02-03,5621.60009765625
2017-02-06,5615.60009765625
2017-02-07,5621.89990234375
2017-02-08,5651.39990234375
2017-02-09,5664.60009765625
2017-02-10,5720.60009765625
2017-02-13,5760.7001953125
2017-02-14,5755.2001953125
2017-02-15,5809.10009765625
2017-02-16,5816.2998046875
2017-02-17,5805.7998046875
2017-02-20,5795.10009765625
2017-02-21,5791.0
2017-02-22,5805.10009765625
2017-02-23,5784.7001953125
2017-02-24,5739.0
2017-02-27,5724.2001953125
2017-02-28,5712.2001953125
2017-03-01,5704.7998046875
2017-03-02,5776.60009765625
2017-03-03,5729.60009765625
2017-03-06,5746.5
2017-03-07,5761.39990234375
2017-03-08,5759.7001953125
2017-03-09,5741.2001953125
2017-03-10,5775.60009765625
2017-03-13,5757.2998046875
2017-03-14,5759.10009765625
2017-03-15,5774.0
2017-03-16,5785.7998046875
2017-03-17,5799.60009765625
2017-03-20,5778.89990234375
2017-03-21,5774.60009765625
2017-03-22,5684.5
2017-03-23,5708.0
2017-03-24,5753.5
2017-03-27,5746.7001953125
2017-03-28,5821.2001953125
2017-03-29,5873.5
2017-03-30,5896.2001953125
2017-03-31,5864.89990234375
2017-04-03,5872.7001953125
2017-04-04,5856.60009765625
2017-04-05,5876.2001953125
2017-04-06,5856.2998046875
2017-04-07,5862.5
2017-04-10,5912.89990234375
2017-04-11,5929.2998046875
2017-04-12,5934.0
2017-04-13,5889.89990234375
2017-04-18,5836.7001953125
2017-04-19,5804.0
2017-04-20,5821.39990234375
2017-04-21,5854.10009765625
2017-04-24,5871.7998046875
2017-04-26,5912.0
2017-04-27,5921.5
2017-04-28,5924.10009765625
2017-05-01,5956.39990234375
2017-05-02,5950.39990234375
2017-05-03,5892.2998046875
2017-05-04,5876.39990234375
2017-05-05,5836.60009765625
2017-05-08,5870.89990234375
2017-05-09,5839.89990234375
2017-05-10,5875.39990234375
2017-05-11,5878.2998046875
2017-05-12,5836.89990234375
2017-05-15,5838.39990234375
2017-05-16,5850.5
2017-05-17,5786.0
2017-05-18,5738.2998046875
2017-05-19,5727.39990234375
2017-05-22,5771.2001953125
2017-05-23,5760.2001953125
2017-05-24,5769.0
2017-05-25,5789.60009765625
2017-05-26,5751.7001953125
2017-05-29,5707.10009765625
2017-05-30,5717.89990234375
2017-05-31,5724.60009765625
2017-06-01,5738.10009765625
2017-06-02,5788.10009765625
2017-06-05,5754.89990234375
2017-06-06,5667.5
2017-06-07,5667.2001953125
2017-06-08,5676.60009765625
2017-06-09,5677.7998046875
2017-06-13,5772.7998046875
2017-06-14,5833.89990234375
2017-06-15,5763.2001953125
2017-06-16,5774.0
2017-06-19,5805.2001953125
2017-06-20,5757.2998046875
2017-06-21,5665.7001953125
2017-06-22,5706.0
2017-06-23,5715.89990234375
2017-06-26,5720.2001953125
2017-06-27,5714.2001953125
2017-06-28,5755.7001953125
2017-06-29,5818.10009765625
2017-06-30,5721.5
2017-07-03,5684.5
2017-07-04,5783.7998046875
2017-07-05,5763.2998046875
2017-07-06,5758.7998046875
2017-07-07,5703.60009765625
2017-07-10,5724.39990234375
2017-07-11,5728.89990234375
2017-07-12,5673.7998046875
2017-07-13,5736.7998046875
2017-07-14,5765.10009765625
2017-07-17,5755.5
2017-07-18,5687.39990234375
2017-07-19,5732.10009765625
2017-07-20,5761.5
2017-07-21,5722.7998046875
2017-07-24,5688.10009765625
2017-07-25,5726.60009765625
2017-07-26,5776.60009765625
2017-07-27,5785.0
2017-07-28,5702.7998046875
2017-07-31,5720.60009765625
2017-08-01,5772.39990234375
2017-08-02,5744.2001953125
2017-08-03,5735.10009765625
2017-08-04,5720.60009765625
2017-08-07,5773.60009765625
2017-08-08,5743.7998046875
2017-08-09,5765.7001953125
2017-08-10,5760.89990234375
2017-08-11,5693.10009765625
2017-08-14,5730.39990234375
2017-08-15,5757.5
2017-08-16,5785.10009765625
2017-08-17,5779.2001953125
2017-08-18,5747.10009765625
2017-08-21,5725.89990234375
2017-08-22,5750.10009765625
2017-08-23,5737.2001953125
2017-08-24,5745.5
2017-08-25,5743.89990234375
2017-08-28,5709.89990234375
2017-08-29,5669.0
2017-08-30,5669.7001953125
2017-08-31,5714.5
2017-09-01,5724.60009765625
2017-09-05,5706.2001953125
2017-09-06,5689.7001953125
2017-09-07,5689.89990234375
2017-09-08,5672.60009765625
2017-09-11,5713.10009765625
2017-09-12,5746.39990234375
2017-09-13,5744.2998046875
2017-09-14,5738.7001953125
2017-09-15,5695.0
2017-09-18,5720.60009765625
2017-09-19,5713.60009765625
2017-09-20,5709.10009765625
2017-09-21,5655.39990234375
2017-09-22,5682.10009765625
2017-09-25,5683.7001953125
2017-09-26,5671.0
2017-09-27,5664.2998046875
2017-09-28,5670.39990234375
2017-09-29,5681.60009765625
2017-10-02,5729.2998046875
2017-10-03,5701.39990234375
2017-10-04,5652.10009765625
2017-10-05,5651.7998046875
2017-10-06,5710.7001953125
2017-10-09,5739.2998046875
2017-10-10,5738.10009765625
2017-10-11,5772.10009765625
2017-10-12,5794.5
2017-10-13,5814.2001953125
2017-10-16,5846.7998046875
2017-10-17,5889.60009765625
2017-10-18,5890.5
2017-10-19,5896.10009765625
2017-10-20,5907.0
2017-10-23,5894.0
2017-10-24,5897.60009765625
2017-10-25,5905.60009765625
2017-10-26,5916.2998046875
2017-10-27,5903.2001953125
2017-10-30,5919.10009765625
2017-10-31,5909.0
2017-11-01,5937.7998046875
2017-11-02,5931.7001953125
2017-11-03,5959.89990234375
2017-11-06,5953.7998046875
2017-11-07,6014.2998046875
2017-11-08,6016.2998046875
2017-11-09,6049.39990234375
2017-11-10,6029.39990234375
2017-11-13,6021.7998046875
2017-11-14,5966.0
2017-11-15,5934.2001953125
2017-11-16,5943.5
2017-11-17,5957.2998046875
2017-11-20,5945.7001953125
2017-11-21,5963.5
2017-11-22,5986.39990234375
2017-11-23,5960.60009765625
2017-11-24,5982.60009765625
2017-11-27,5988.7998046875
2017-11-28,5984.2998046875
2017-11-29,6011.10009765625
2017-11-30,5969.89990234375
2017-12-01,5989.7998046875
2017-12-04,5985.60009765625
2017-12-05,5971.7001953125
2017-12-06,5946.10009765625
2017-12-07,5977.7001953125
2017-12-08,5994.39990234375
2017-12-11,5998.2998046875
2017-12-12,6013.2001953125
2017-12-13,6021.7998046875
2017-12-14,6011.2998046875
2017-12-15,5997.0
2017-12-18,6038.89990234375
2017-12-19,6071.7998046875
2017-12-20,6075.60009765625
2017-12-21,6060.39990234375
2017-12-22,6069.7001953125
2017-12-27,6069.89990234375
2017-12-28,6088.10009765625
2017-12-29,6065.10009765625
2018-01-02,6061.2998046875
2018-01-03,6070.39990234375
2018-01-04,6077.10009765625
2018-01-05,6122.2998046875
2018-01-08,6130.39990234375
2018-01-09,6135.7998046875
2018-01-10,6096.7001953125
2018-01-11,6067.60009765625
2018-01-12,6070.10009765625
2018-01-15,6077.10009765625
2018-01-16,6048.60009765625
2018-01-17,6015.7998046875
2018-01-18,6014.60009765625
2018-01-19,6005.7998046875
2018-01-22,5991.89990234375
2018-01-23,6037.0
2018-01-24,6054.7001953125
2018-01-25,6050.0
2018-01-29,6075.39990234375
2018-01-30,6022.7998046875
2018-01-31,6037.7001953125
2018-02-01,6090.10009765625
2018-02-02,6121.39990234375
2018-02-05,6026.2001953125
2018-02-06,5833.2998046875
2018-02-07,5876.7998046875
2018-02-08,5890.7001953125
2018-02-09,5838.0
2018-02-12,5820.7001953125
2018-02-13,5855.89990234375
2018-02-14,5841.2001953125
2018-02-15,5909.0
2018-02-16,5904.0
2018-02-19,5941.60009765625
2018-02-20,5940.89990234375
2018-02-21,5943.7001953125
2018-02-22,5950.89990234375
2018-02-23,5999.7998046875
2018-02-26,6042.2001953125
2018-02-27,6056.89990234375
2018-02-28,6016.0
2018-03-01,5973.2998046875
2018-03-02,5928.89990234375
2018-03-05,5959.5
2018-03-06,5962.39990234375
2018-03-07,5902.0
2018-03-08,5942.89990234375
2018-03-09,5963.2001953125
2018-03-12,5996.10009765625
2018-03-13,5974.7001953125
2018-03-14,5935.2998046875
2018-03-15,5920.7998046875
2018-03-16,5949.39990234375
2018-03-19,5959.39990234375
2018-03-20,5936.39990234375
2018-03-21,5950.2998046875
2018-03-22,5937.2001953125
2018-03-23,5820.7001953125
2018-03-26,5790.5
2018-03-27,5832.2998046875
2018-03-28,5789.5
2018-03-29,5759.39990234375
2018-04-03,5751.89990234375
2018-04-04,5761.39990234375
2018-04-05,5788.7998046875
2018-04-06,5788.7001953125
2018-04-09,5808.7001953125
2018-04-10,5857.0
2018-04-11,5828.7001953125
2018-04-12,5815.5
2018-04-13,5829.10009765625
2018-04-16,5841.2998046875
2018-04-17,5841.5
2018-04-18,5861.39990234375
2018-04-19,5881.0
2018-04-20,5868.7998046875
2018-04-23,5886.0
2018-04-24,5921.60009765625
2018-04-26,5910.7998046875
2018-04-27,5953.60009765625
2018-04-30,5982.7001953125
2018-05-01,6015.2001953125
2018-05-02,6050.2001953125
2018-05-03,6098.2998046875
2018-05-04,6062.89990234375
2018-05-07,6084.5
2018-05-08,6091.89990234375
2018-05-09,6108.0
2018-05-10,6118.7001953125
2018-05-11,6116.2001953125
2018-05-14,6135.2998046875
2018-05-15,6097.7998046875
2018-05-16,6107.0
2018-05-17,6094.2998046875
2018-05-18,6087.39990234375
2018-05-21,6084.5
2018-05-22,6041.89990234375
2018-05-23,6032.5
2018-05-24,6037.10009765625
2018-05-25,6032.7998046875
2018-05-28,6004.0
2018-05-29,6013.60009765625
2018-05-30,5984.7001953125
2018-05-31,6011.89990234375
2018-06-01,5990.39990234375
2018-06-04,6025.5
2018-06-05,5994.89990234375
2018-06-06,6025.10009765625
2018-06-07,6057.2998046875
2018-06-08,6045.2001953125
2018-06-12,6054.39990234375
2018-06-13,6023.5
2018-06-14,6016.60009765625
2018-06-15,6094.0
2018-06-18,6104.10009765625
2018-06-19,6102.10009765625
2018-06-20,6172.60009765625
2018-06-21,6232.10009765625
2018-06-22,6225.2001953125
2018-06-25,6210.39990234375
2018-06-26,6197.60009765625
2018-06-27,6195.89990234375
2018-06-28,6215.39990234375
2018-06-29,6194.60009765625
2018-07-02,6177.7998046875
2018-07-03,6210.2001953125
2018-07-04,6183.39990234375
2018-07-05,6215.5
2018-07-06,6272.2998046875
2018-07-09,6286.0
2018-07-10,6258.10009765625
2018-07-11,6215.60009765625
2018-07-12,6268.2998046875
2018-07-13,6268.39990234375
2018-07-16,6241.5
2018-07-17,6203.60009765625
2018-07-18,6245.10009765625
2018-07-19,6262.7001953125
2018-07-20,6285.89990234375
2018-07-23,6227.60009765625
2018-07-24,6265.7998046875
2018-07-25,6247.60009765625
2018-07-26,6244.5
2018-07-27,6300.2001953125
2018-07-30,6278.39990234375
2018-07-31,6280.2001953125
2018-08-01,6275.7001953125
2018-08-02,6240.89990234375
2018-08-03,6234.7998046875
2018-08-06,6273.0
2018-08-07,6253.89990234375
2018-08-08,6268.5
2018-08-09,6297.7001953125
2018-08-10,6278.39990234375
2018-08-13,6252.2001953125
2018-08-14,6299.60009765625
2018-08-15,6329.0
2018-08-16,6328.2998046875
2018-08-17,6339.2001953125
2018-08-20,6345.0
2018-08-21,6284.39990234375
2018-08-22,6266.0
2018-08-23,6244.39990234375
2018-08-24,6247.2998046875
2018-08-27,6268.89990234375
2018-08-28,6304.7001953125
2018-08-29,6352.2001953125
2018-08-30,6351.7998046875
2018-08-31,6319.5
2018-09-03,6310.89990234375
2018-09-04,6293.10009765625
2018-09-05,6230.39990234375
2018-09-06,6160.39990234375
2018-09-07,6143.7998046875
2018-09-10,6141.7001953125
2018-09-11,6179.7001953125
2018-09-12,6175.89990234375
2018-09-13,6128.7001953125
2018-09-14,6165.2998046875
2018-09-17,6185.0
2018-09-18,6161.5
2018-09-19,6190.0
2018-09-20,6169.5
2018-09-21,6194.60009765625
2018-09-24,6186.89990234375
2018-09-25,6185.89990234375
2018-09-26,6192.2998046875
2018-09-27,6181.2001953125
2018-09-28,6207.60009765625
2018-10-01,6172.2998046875
2018-10-02,6126.2001953125
2018-10-03,6146.10009765625
2018-10-04,6176.2998046875
2018-10-05,6185.5
2018-10-08,6100.2998046875
2018-10-09,6041.10009765625
2018-10-10,6049.7998046875
2018-10-11,5883.7998046875
2018-10-12,5895.7001953125
2018-10-15,5837.10009765625
2018-10-16,5869.89990234375
2018-10-17,5939.10009765625
2018-10-18,5942.39990234375
2018-10-19,5939.5
2018-10-22,5904.89990234375
2018-10-23,5843.10009765625
2018-10-24,5829.0
2018-10-25,5664.10009765625
2018-10-26,5665.2001953125
2018-10-29,5728.2001953125
2018-10-30,5805.10009765625
2018-10-31,5830.2998046875
2018-11-01,5840.7998046875
2018-11-02,5849.2001953125
2018-11-05,5818.10009765625
2018-11-06,5875.2001953125
2018-11-07,5896.89990234375
2018-11-08,5928.2001953125
2018-11-09,5921.7998046875
2018-11-12,5941.2998046875
2018-11-13,5834.2001953125
2018-11-14,5732.7998046875
2018-11-15,5736.0
2018-11-16,5730.60009765625
2018-11-19,5693.7001953125
2018-11-20,5671.7998046875
2018-11-21,5642.7998046875
2018-11-22,5691.2998046875
2018-11-23,5716.2001953125
2018-11-26,5671.60009765625
2018-11-27,5728.2998046875
2018-11-28,5725.10009765625
2018-11-29,5758.39990234375
2018-11-30,5667.2001953125
2018-12-03,5771.2001953125
2018-12-04,5713.10009765625
2018-12-05,5668.39990234375
2018-12-06,5657.60009765625
2018-12-07,5681.5
2018-12-10,5552.5
2018-12-11,5575.89990234375
2018-12-12,5653.5
2018-12-13,5661.60009765625
2018-12-14,5602.0
2018-12-17,5658.2998046875
2018-12-18,5589.5
2018-12-19,5580.60009765625
2018-12-20,5505.7998046875
2018-12-21,5467.60009765625
2018-12-24,5493.7998046875
2018-12-27,5597.2001953125
2018-12-28,5654.2998046875
2018-12-31,5646.39990234375
2019-01-02,5557.7998046875
2019-01-03,5633.39990234375
2019-01-04,5619.39990234375
2019-01-07,5683.2001953125
2019-01-08,5722.39990234375
2019-01-09,5778.2998046875
2019-01-10,5795.2998046875
2019-01-11,5774.60009765625
2019-01-14,5773.39990234375
2019-01-15,5814.60009765625
2019-01-16,5835.2001953125
2019-01-17,5850.10009765625
2019-01-18,5879.60009765625
2019-01-21,5890.39990234375
2019-01-22,5858.7998046875
2019-01-23,5843.7001953125
2019-01-24,5865.7001953125
2019-01-25,5905.60009765625
2019-01-29,5874.2001953125
2019-01-30,5886.7001953125
2019-01-31,5864.7001953125
2019-02-01,5862.7998046875
2019-02-04,5891.2001953125
2019-02-05,6005.89990234375
2019-02-06,6026.10009765625
2019-02-07,6092.5
2019-02-08,6071.5
2019-02-11,6060.7998046875
2019-02-12,6079.10009765625
2019-02-13,6063.60009765625
2019-02-14,6059.39990234375
2019-02-15,6066.10009765625
2019-02-18,6089.7998046875
2019-02-19,6106.89990234375
2019-02-20,6096.5
2019-02-21,6139.2001953125
2019-02-22,6167.2998046875
2019-02-25,6186.2998046875
2019-02-26,6128.39990234375
2019-02-27,6150.2998046875
2019-02-28,6169.0
2019-03-01,6192.7001953125
2019-03-04,6217.39990234375
2019-03-05,6199.2998046875
2019-03-06,6245.60009765625
2019-03-07,6263.89990234375
2019-03-08,6203.7998046875
2019-03-11,6180.2001953125
2019-03-12,6174.7998046875
2019-03-13,6161.2001953125
2019-03-14,6179.60009765625
2019-03-15,6175.2001953125
2019-03-18,6190.5
2019-03-19,6184.7998046875
2019-03-20,6165.2998046875
2019-03-21,6167.2001953125
2019-03-22,6195.2001953125
2019-03-25,6126.2001953125
2019-03-26,6130.60009765625
2019-03-27,6136.0
2019-03-28,6176.10009765625
2019-03-29,6180.7001953125
2019-04-01,6217.0
2019-04-02,6242.39990234375
2019-04-03,6285.0
2019-04-04,6232.7998046875
2019-04-05,6181.2998046875
2019-04-08,6221.39990234375
2019-04-09,6221.7998046875
2019-04-10,6223.5
2019-04-11,6198.7001953125
2019-04-12,6251.2998046875
2019-04-15,6251.39990234375
2019-04-16,6277.39990234375
2019-04-17,6256.39990234375
2019-04-18,6259.7998046875
2019-04-23,6319.39990234375
2019-04-24,6382.10009765625
2019-04-26,6385.60009765625
2019-04-29,6359.5
2019-04-30,6325.5
2019-05-01,6375.89990234375
2019-05-02,6338.39990234375
2019-05-03,6335.7998046875
2019-05-06,6283.7001953125
2019-05-07,6295.7001953125
2019-05-08,6269.10009765625
2019-05-09,6295.2998046875
2019-05-10,6310.89990234375
2019-05-13,6297.60009765625
2019-05-14,6239.89990234375
2019-05-15,6284.2001953125
2019-05-16,6327.7998046875
2019-05-17,6365.2998046875
2019-05-20,6476.10009765625
2019-05-21,6500.10009765625
2019-05-22,6510.7001953125
2019-05-23,6491.7998046875
2019-05-24,6456.0
2019-05-27,6451.89990234375
2019-05-28,6484.7998046875
2019-05-29,6440.0
2019-05-30,6392.10009765625
2019-05-31,6396.89990234375
2019-06-03,6320.5
2019-06-04,6332.39990234375
2019-06-05,6358.5
2019-06-06,6383.0
2019-06-07,6443.89990234375
2019-06-11,6546.2998046875
2019-06-12,6543.7001953125
2019-06-13,6542.39990234375
2019-06-14,6554.0
2019-06-17,6530.89990234375
2019-06-18,6570.0
2019-06-19,6648.10009765625
2019-06-20,6687.39990234375
2019-06-21,6650.7998046875
2019-06-24,6665.39990234375
2019-06-25,6658.0
2019-06-26,6640.5
2019-06-27,6666.2998046875
2019-06-28,6618.7998046875
2019-07-01,6648.10009765625
2019-07-02,6653.2001953125
2019-07-03,6685.5
2019-07-04,6718.0
2019-07-05,6751.2998046875
2019-07-08,6672.2001953125
2019-07-09,6665.7001953125
2019-07-10,6689.7998046875
2019-07-11,6716.10009765625
2019-07-12,6696.5
2019-07-15,6653.0
2019-07-16,6641.0
2019-07-17,6673.2998046875
2019-07-18,6649.10009765625
2019-07-19,6700.2998046875
2019-07-22,6691.2001953125
2019-07-23,6724.60009765625
2019-07-24,6776.7001953125
2019-07-25,6818.0
2019-07-26,6793.39990234375
2019-07-29,6825.7998046875
2019-07-30,6845.10009765625
2019-07-31,6812.60009765625
2019-08-01,6788.89990234375
2019-08-02,6768.60009765625
2019-08-05,6640.2998046875
2019-08-06,6478.10009765625
2019-08-07,6519.5
2019-08-08,6568.10009765625
2019-08-09,6584.39990234375
2019-08-12,6590.2998046875
2019-08-13,6568.5
2019-08-14,6595.89990234375
2019-08-15,6408.10009765625
2019-08-16,6405.5
2019-08-19,6467.39990234375
2019-08-20,6545.0
2019-08-21,6483.2998046875
2019-08-22,6501.7998046875
2019-08-23,6523.10009765625
2019-08-26,6440.10009765625
2019-08-27,6471.2001953125
2019-08-28,6500.60009765625
2019-08-29,6507.39990234375
2019-08-30,6604.2001953125
2019-09-02,6579.39990234375
2019-09-03,6573.39990234375
2019-09-04,6553.0
2019-09-05,6613.2001953125
2019-09-06,6647.2998046875
2019-09-09,6648.0
2019-09-10,6614.10009765625
2019-09-11,6638.0
2019-09-12,6654.89990234375
2019-09-13,6669.2001953125
2019-09-16,6673.5
2019-09-17,6695.2998046875
2019-09-18,6681.60009765625
2019-09-19,6717.5
2019-09-20,6730.7998046875
2019-09-23,6749.7001953125
2019-09-24,6748.89990234375
2019-09-25,6710.2001953125
2019-09-26,6677.60009765625
2019-09-27,6716.10009765625
2019-09-30,6688.2998046875
2019-10-01,6742.7998046875
2019-10-02,6639.89990234375
2019-10-04,6517.10009765625
2019-10-07,6563.60009765625
2019-10-08,6593.39990234375
2019-10-09,6546.7001953125
2019-10-10,6547.10009765625
2019-10-11,6606.7998046875
2019-10-14,6642.60009765625
2019-10-15,6652.0
2019-10-16,6736.5
2019-10-17,6684.7001953125
2019-10-18,6649.7001953125
2019-10-21,6652.5
2019-10-22,6672.2001953125
2019-10-23,6673.10009765625
2019-10-24,6693.60009765625
2019-10-25,6739.2001953125
2019-10-28,6740.7001953125
2019-10-29,6745.39990234375
2019-10-30,6689.5
2019-10-31,6663.39990234375
2019-11-01,6669.10009765625
2019-11-04,6686.89990234375
2019-11-05,6697.10009765625
2019-11-06,6660.2001953125
2019-11-07,6726.60009765625
2019-11-08,6724.10009765625
2019-11-11,6772.5
2019-11-12,6753.0
2019-11-13,6698.39990234375
2019-11-14,6735.10009765625
2019-11-15,6793.7001953125
2019-11-18,6766.7998046875
2019-11-19,6814.2001953125
2019-11-20,6722.39990234375
2019-11-21,6672.89990234375
2019-11-22,6709.7998046875
2019-11-25,6731.39990234375
2019-11-26,6787.5
2019-11-27,6850.60009765625
2019-11-28,6864.0
2019-11-29,6846.0
2019-12-02,6862.2998046875
2019-12-03,6712.2998046875
2019-12-04,6606.5
2019-12-05,6683.0
2019-12-06,6707.0
2019-12-09,6730.0
2019-12-10,6706.89990234375
2019-12-11,6752.60009765625
2019-12-12,6708.7998046875
2019-12-13,6739.7001953125
2019-12-16,6849.7001953125
2019-12-17,6847.2998046875
2019-12-18,6851.39990234375
2019-12-19,6833.10009765625
2019-12-20,6816.2998046875
2019-12-23,6785.10009765625
2019-12-24,6794.2001953125
2019-12-27,6821.7001953125
2019-12-30,6804.89990234375
2019-12-31,6684.10009765625
2020-01-02,6690.60009765625
2020-01-03,6733.5
2020-01-06,6735.7001953125
2020-01-07,6826.39990234375
2020-01-08,6817.60009765625
2020-01-09,6874.2001953125
2020-01-10,6929.0
2020-01-13,6903.7001953125
2020-01-14,6962.2001953125
2020-01-15,6994.7998046875
2020-01-16,7041.7998046875
2020-01-17,7064.10009765625
2020-01-20,7079.5
2020-01-21,7066.2998046875
2020-01-22,7132.7001953125
2020-01-23,7088.0
2020-01-24,7090.5
2020-01-28,7023.5
2020-01-29,7031.5
2020-01-30,7008.39990234375
2020-01-31,7017.2001953125
2020-02-03,6923.2998046875
2020-02-04,6948.7001953125
2020-02-05,6976.10009765625
2020-02-06,7049.2001953125
2020-02-07,7022.60009765625
2020-02-10,7012.5
2020-02-11,7055.2998046875
2020-02-12,7088.2001953125
2020-02-13,7103.2001953125
2020-02-14,7130.2001953125
2020-02-17,7125.10009765625
2020-02-18,7113.7001953125
2020-02-19,7144.60009765625
2020-02-20,7162.5
2020-02-21,7139.0
2020-02-24,6978.2998046875
2020-02-25,6866.60009765625
2020-02-26,6708.10009765625
2020-02-27,6657.89990234375
2020-02-28,6441.2001953125
2020-03-02,6391.5
2020-03-03,6435.7001953125
2020-03-04,6325.39990234375
2020-03-05,6395.7001953125
2020-03-06,6216.2001953125
2020-03-09,5760.60009765625
2020-03-10,5939.60009765625
2020-03-11,5725.89990234375
2020-03-12,5304.60009765625
2020-03-13,5539.2998046875
2020-03-16,5002.0
2020-03-17,5293.39990234375
2020-03-18,4953.2001953125
2020-03-19,4782.89990234375
2020-03-20,4816.60009765625
2020-03-23,4546.0
2020-03-24,4735.7001953125
2020-03-25,4998.10009765625
2020-03-26,5113.2998046875
2020-03-27,4842.39990234375
2020-03-30,5181.39990234375
2020-03-31,5076.7998046875
2020-04-01,5258.60009765625
2020-04-02,5154.2998046875
2020-04-03,5067.5
2020-04-06,5286.7998046875
2020-04-07,5252.2998046875
2020-04-08,5206.89990234375
2020-04-09,5387.2998046875
2020-04-14,5488.10009765625
2020-04-15,5466.7001953125
2020-04-16,5416.2998046875
2020-04-17,5487.5
2020-04-20,5353.0
2020-04-21,5221.2998046875
2020-04-22,5221.2001953125
2020-04-23,5217.10009765625
2020-04-24,5242.60009765625
2020-04-27,5321.39990234375
2020-04-28,5313.10009765625
2020-04-29,5393.39990234375
2020-04-30,5522.39990234375
2020-05-01,5245.89990234375
2020-05-04,5319.7998046875
2020-05-05,5407.10009765625
2020-05-06,5384.60009765625
2020-05-07,5364.2001953125
2020-05-08,5391.10009765625
2020-05-11,5461.2001953125
2020-05-12,5403.0
2020-05-13,5421.89990234375
2020-05-14,5328.7001953125
2020-05-15,5404.7998046875
2020-05-18,5460.5
2020-05-19,5559.5
2020-05-20,5573.0
2020-05-21,5550.39990234375
2020-05-22,5497.0
2020-05-25,5615.60009765625
2020-05-26,5780.0
2020-05-27,5775.0
2020-05-28,5851.10009765625
2020-05-29,5755.7001953125
2020-06-01,5819.2001953125
2020-06-02,5835.10009765625
2020-06-03,5941.60009765625
2020-06-04,5991.7998046875
2020-06-05,5998.7001953125
2020-06-09,6144.89990234375
2020-06-10,6148.39990234375
2020-06-11,5960.60009765625
2020-06-12,5847.7998046875
2020-06-15,5719.7998046875
2020-06-16,5942.2998046875
2020-06-17,5991.7998046875
2020-06-18,5936.5
2020-06-19,5942.60009765625
2020-06-22,5944.5
2020-06-23,5954.39990234375
2020-06-24,5965.7001953125
2020-06-25,5817.7001953125
2020-06-26,5904.10009765625
2020-06-29,5815.0
2020-06-30,5897.89990234375
2020-07-01,5934.39990234375
2020-07-02,6032.7001953125
2020-07-03,6057.89990234375
2020-07-06,6014.60009765625
2020-07-07,6012.89990234375
2020-07-08,5920.2998046875
2020-07-09,5955.5
2020-07-10,5919.2001953125
2020-07-13,5977.5
2020-07-14,5941.10009765625
2020-07-15,6052.89990234375
2020-07-16,6010.89990234375
2020-07-17,6033.60009765625
2020-07-20,6001.60009765625
2020-07-21,6156.2998046875
2020-07-22,6075.10009765625
2020-07-23,6094.5
2020-07-24,6024.0
2020-07-27,6044.2001953125
2020-07-28,6020.5
2020-07-29,6006.39990234375
2020-07-30,6051.10009765625
2020-07-31,5927.7998046875
2020-08-03,5926.10009765625
2020-08-04,6037.60009765625
2020-08-05,6001.2998046875
2020-08-06,6042.2001953125
2020-08-07,6004.7998046875
2020-08-10,6110.2001953125
2020-08-11,6138.7001953125
2020-08-12,6132.0
2020-08-13,6091.0
2020-08-14,6126.2001953125
2020-08-17,6076.39990234375
2020-08-18,6123.39990234375
2020-08-19,6167.60009765625
2020-08-20,6120.0
2020-08-21,6111.2001953125
2020-08-24,6129.60009765625
2020-08-25,6161.39990234375
2020-08-26,6116.39990234375
2020-08-27,6126.2001953125
2020-08-28,6073.7998046875
2020-08-31,6060.5
2020-09-01,5953.39990234375
2020-09-02,6063.2001953125
2020-09-03,6112.60009765625
2020-09-04,5925.5
2020-09-07,5944.7998046875
2020-09-08,6007.7998046875
2020-09-09,5878.60009765625
2020-09-10,5908.5
2020-09-11,5859.39990234375
2020-09-14,5899.5
2020-09-15,5894.7998046875
2020-09-16,5956.10009765625
2020-09-17,5883.2001953125
2020-09-18,5864.5
2020-09-21,5822.60009765625
2020-09-22,5784.10009765625
2020-09-23,5923.89990234375
2020-09-24,5875.89990234375
2020-09-25,5964.89990234375
2020-09-28,5952.2998046875
2020-09-29,5952.10009765625
2020-09-30,5815.89990234375
2020-10-01,5872.89990234375
2020-10-02,5791.5
2020-10-05,5941.60009765625
2020-10-06,5962.10009765625
2020-10-07,6036.39990234375
2020-10-08,6102.0
2020-10-09,6102.2001953125
2020-10-12,6132.0
2020-10-13,6195.7001953125
2020-10-14,6179.2001953125
2020-10-15,6210.2998046875
2020-10-16,6176.7998046875
2020-10-19,6229.39990234375
2020-10-20,6184.60009765625
2020-10-21,6191.7998046875
2020-10-22,6173.7998046875
2020-10-23,6167.0
2020-10-26,6155.60009765625
2020-10-27,6051.0
2020-10-28,6057.7001953125
2020-10-29,5960.2998046875
2020-10-30,5927.60009765625
2020-11-02,5951.2998046875
2020-11-03,6066.39990234375
2020-11-04,6062.10009765625
2020-11-05,6139.60009765625
2020-11-06,6190.2001953125
2020-11-09,6298.7998046875
2020-11-10,6340.5
2020-11-11,6449.7001953125
2020-11-12,6418.2001953125
2020-11-13,6405.2001953125
2020-11-16,6484.2998046875
2020-11-17,6498.2001953125
2020-11-18,6531.10009765625
2020-11-19,6547.2001953125
2020-11-20,6539.2001953125
2020-11-23,6561.60009765625
2020-11-24,6644.10009765625
2020-11-25,6683.2998046875
2020-11-26,6636.39990234375
2020-11-27,6601.10009765625
2020-11-30,6517.7998046875
2020-12-01,6588.5
2020-12-02,6590.2001953125
2020-12-03,6615.2998046875
2020-12-04,6634.10009765625
2020-12-07,6675.0
2020-12-08,6687.7001953125
2020-12-09,6728.5
2020-12-10,6683.10009765625
2020-12-11,6642.60009765625
2020-12-14,6660.2001953125
2020-12-15,6631.2998046875
2020-12-16,6679.2001953125
2020-12-17,6756.7001953125
2020-12-18,6675.5
2020-12-21,6669.89990234375
2020-12-22,6599.60009765625
2020-12-23,6643.10009765625
2020-12-24,6664.7998046875
2020-12-29,6700.2998046875
2020-12-30,6682.39990234375
2020-12-31,6587.10009765625
2021-01-04,6684.2001953125
2021-01-05,6681.89990234375
2021-01-06,6607.10009765625
2021-01-07,6712.0
2021-01-08,6757.89990234375
2021-01-11,6697.2001953125
2021-01-12,6679.10009765625
2021-01-13,6686.60009765625
2021-01-14,6715.2998046875
2021-01-15,6715.39990234375
2021-01-18,6663.0
2021-01-19,6742.60009765625
2021-01-20,6770.39990234375
2021-01-21,6823.7001953125
2021-01-22,6800.39990234375
2021-01-25,6824.7001953125
2021-01-27,6780.60009765625
2021-01-28,6649.7001953125
2021-01-29,6607.39990234375
2021-02-01,6663.0
2021-02-02,6762.60009765625
2021-02-03,6824.60009765625
2021-02-04,6765.5
2021-02-05,6840.5
2021-02-08,6880.7001953125
2021-02-09,6821.2001953125
2021-02-10,6856.89990234375
2021-02-11,6850.10009765625
2021-02-12,6806.7001953125
2021-02-15,6868.89990234375
2021-02-16,6917.2998046875
2021-02-17,6885.2001953125
2021-02-18,6885.89990234375
2021-02-19,6793.7998046875
2021-02-22,6780.89990234375
2021-02-23,6839.2001953125
2021-02-24,6777.7998046875
2021-02-25,6834.0
2021-02-26,6673.2998046875
2021-03-01,6789.60009765625
2021-03-02,6762.2998046875
2021-03-03,6818.0
2021-03-04,6760.7001953125
2021-03-05,6710.7998046875
2021-03-08,6739.60009765625
2021-03-09,6771.2001953125
2021-03-10,6714.10009765625
2021-03-11,6713.89990234375
2021-03-12,6766.7998046875
2021-03-15,6773.0
2021-03-16,6827.10009765625
2021-03-17,6795.2001953125
2021-03-18,6745.89990234375
2021-03-19,6708.2001953125
2021-03-22,6752.5
2021-03-23,6745.39990234375
2021-03-24,6778.7998046875
2021-03-25,6790.60009765625
2021-03-26,6824.2001953125
2021-03-29,6799.5
2021-03-30,6738.39990234375
2021-03-31,6790.7001953125
2021-04-01,6828.7001953125
2021-04-06,6885.89990234375
2021-04-07,6928.0
2021-04-08,6998.7998046875
2021-04-09,6995.2001953125
2021-04-12,6974.0
2021-04-13,6976.89990234375
2021-04-14,7023.10009765625
2021-04-15,7058.60009765625
2021-04-16,7063.5
2021-04-19,7065.60009765625
2021-04-20,7017.7998046875
2021-04-21,6997.5
2021-04-22,7055.39990234375
2021-04-23,7060.7001953125
2021-04-26,7045.60009765625
2021-04-27,7033.7998046875
2021-04-28,7064.7001953125
2021-04-29,7082.2998046875
2021-04-30,7025.7998046875
2021-05-03,7028.7998046875
2021-05-04,7067.89990234375
2021-05-05,7095.7998046875
2021-05-06,7061.7001953125
2021-05-07,7080.7998046875
2021-05-10,7172.7998046875
2021-05-11,7097.0
2021-05-12,7044.89990234375
2021-05-13,6982.7001953125
2021-05-14,7014.2001953125
2021-05-17,7023.60009765625
2021-05-18,7066.0
2021-05-19,6931.7001953125
2021-05-20,7019.60009765625
2021-05-21,7030.2998046875
2021-05-24,7045.89990234375
2021-05-25,7115.2001953125
2021-05-26,7092.5
2021-05-27,7094.89990234375
2021-05-28,7179.5
2021-05-31,7161.60009765625
2021-06-01,7142.60009765625
2021-06-02,7217.7998046875
2021-06-03,7260.10009765625
2021-06-04,7295.39990234375
2021-06-07,7281.89990234375
2021-06-08,7292.60009765625
2021-06-09,7270.2001953125
2021-06-10,7302.5
2021-06-11,7312.2998046875
2021-06-15,7379.5
2021-06-16,7386.2001953125
2021-06-17,7359.0
2021-06-18,7368.89990234375
2021-06-21,7235.2998046875
2021-06-22,7342.2001953125
2021-06-23,7298.5
2021-06-24,7275.2998046875
2021-06-25,7308.0
2021-06-28,7307.2998046875
2021-06-29,7301.2001953125
2021-06-30,7313.0
2021-07-01,7265.60009765625
2021-07-02,7308.60009765625
2021-07-05,7315.0
2021-07-06,7261.7998046875
2021-07-07,7326.89990234375
2021-07-08,7341.39990234375
2021-07-09,7251.7998046875
2021-07-12,7333.5
2021-07-13,7332.10009765625
2021-07-14,7354.7001953125
2021-07-15,7335.89990234375
2021-07-16,7348.10009765625
2021-07-19,7286.0
2021-07-20,7252.2001953125
2021-07-21,7308.7001953125
2021-07-22,7386.39990234375
2021-07-23,7394.39990234375
2021-07-26,7394.2998046875
2021-07-27,7431.39990234375
2021-07-28,7379.2998046875
2021-07-29,7417.39990234375
2021-07-30,7392.60009765625
2021-08-02,7491.39990234375
2021-08-03,7474.5
2021-08-04,7503.2001953125
2021-08-05,7511.10009765625
2021-08-06,7538.39990234375
2021-08-09,7538.39990234375
2021-08-10,7562.60009765625
2021-08-11,7584.2998046875
2021-08-12,7588.2001953125
2021-08-13,7628.89990234375
2021-08-16,7582.5
2021-08-17,7511.0
2021-08-18,7502.10009765625
2021-08-19,7464.60009765625
2021-08-20,7460.89990234375
2021-08-23,7489.89990234375
2021-08-24,7503.0
2021-08-25,7531.89990234375
2021-08-26,7491.2001953125
2021-08-27,7488.2998046875
2021-08-30,7504.5
2021-08-31,7534.89990234375
2021-09-01,7527.10009765625
2021-09-02,7485.7001953125
2021-09-03,7522.89990234375
2021-09-06,7528.5
2021-09-07,7530.2998046875
2021-09-08,7512.0
2021-09-09,7369.5
2021-09-10,7406.60009765625
2021-09-13,7425.2001953125
2021-09-14,7437.2998046875
2021-09-15,7417.0
2021-09-16,7460.2001953125
2021-09-17,7403.7001953125
2021-09-20,7248.2001953125
2021-09-21,7273.7998046875
2021-09-22,7296.89990234375
2021-09-23,7370.2001953125
2021-09-24,7342.60009765625
2021-09-27,7384.2001953125
2021-09-28,7275.60009765625
2021-09-29,7196.7001953125
2021-09-30,7332.2001953125
2021-10-01,7185.5
2021-10-04,7278.5
2021-10-05,7248.39990234375
2021-10-06,7206.5
2021-10-07,7256.7001953125
2021-10-08,7320.10009765625
2021-10-11,7299.7998046875
2021-10-12,7280.7001953125
2021-10-13,7272.5
2021-10-14,7311.7001953125
2021-10-15,7362.0
2021-10-18,7381.10009765625
2021-10-19,7374.89990234375
2021-10-20,7413.7001953125
2021-10-21,7415.39990234375
2021-10-22,7415.5
2021-10-25,7441.0
2021-10-26,7443.39990234375
2021-10-27,7448.7001953125
2021-10-28,7430.39990234375
2021-10-29,7323.7001953125
2021-11-01,7370.7998046875
2021-11-02,7324.2998046875
2021-11-03,7392.7001953125
2021-11-04,7428.0
2021-11-05,7456.89990234375
2021-11-08,7452.2001953125
2021-11-09,7434.2001953125
2021-11-10,7423.89990234375
2021-11-11,7381.89990234375
2021-11-12,7443.0
2021-11-15,7470.10009765625
2021-11-16,7420.39990234375
2021-11-17,7369.89990234375
2021-11-18,7379.2001953125
2021-11-19,7396.5
2021-11-22,7353.10009765625
2021-11-23,7410.60009765625
2021-11-24,7399.39990234375
2021-11-25,7407.2998046875
2021-11-26,7279.2998046875
2021-11-29,7239.7998046875
2021-11-30,7256.0
2021-12-01,7235.89990234375
2021-12-02,7225.2001953125
2021-12-03,7241.2001953125
2021-12-06,7245.10009765625
2021-12-07,7313.89990234375
2021-12-08,7405.39990234375
2021-12-09,7384.5
2021-12-10,7353.5
2021-12-13,7379.2998046875
2021-12-14,7378.39990234375
2021-12-15,7327.10009765625
2021-12-16,7295.7001953125
2021-12-17,7304.0
2021-12-20,7292.2001953125
2021-12-21,7355.0
2021-12-22,7364.7998046875
2021-12-23,7387.60009765625
2021-12-24,7420.2998046875
2021-12-29,7509.7998046875
2021-12-30,7513.39990234375
2021-12-31,7444.60009765625
2022-01-04,7589.7998046875
2022-01-05,7565.7998046875
2022-01-06,7358.2998046875
2022-01-07,7453.2998046875
2022-01-10,7447.10009765625
2022-01-11,7390.10009765625
2022-01-12,7438.89990234375
2022-01-13,7474.39990234375
2022-01-14,7393.89990234375
2022-01-17,7417.2998046875
2022-01-18,7408.7998046875
2022-01-19,7332.5
2022-01-20,7342.39990234375
2022-01-21,7175.7998046875
2022-01-24,7139.5
2022-01-25,6961.60009765625
2022-01-27,6838.2998046875
2022-01-28,6988.10009765625
2022-01-31,6971.60009765625
2022-02-01,7006.0
2022-02-02,7087.7001953125
2022-02-03,7078.0
2022-02-04,7120.2001953125
2022-02-07,7110.7998046875
2022-02-08,7186.7001953125
2022-02-09,7268.2998046875
2022-02-10,7288.5
2022-02-11,7217.2998046875
2022-02-14,7243.89990234375
2022-02-15,7206.89990234375
2022-02-16,7284.89990234375
2022-02-17,7296.2001953125
2022-02-18,7221.7001953125
2022-02-21,7233.60009765625
2022-02-22,7161.2998046875
2022-02-23,7205.7001953125
2022-02-24,6990.60009765625
2022-02-25,6997.7998046875
2022-02-28,7049.10009765625
2022-03-01,7096.5
2022-03-02,7116.7001953125
2022-03-03,7151.39990234375
2022-03-04,7110.7998046875
2022-03-07,7038.60009765625
2022-03-08,6980.2998046875
2022-03-09,7053.0
2022-03-10,7130.7998046875
2022-03-11,7063.60009765625
2022-03-14,7149.39990234375
2022-03-15,7097.39990234375
2022-03-16,7175.2001953125
2022-03-17,7250.7998046875
2022-03-18,7294.39990234375
2022-03-21,7278.5
2022-03-22,7341.10009765625
2022-03-23,7377.89990234375
2022-03-24,7387.10009765625
2022-03-25,7406.2001953125
2022-03-28,7412.39990234375
2022-03-29,7464.2998046875
2022-03-30,7514.5
2022-03-31,7499.60009765625
2022-04-01,7493.7998046875
2022-04-04,7513.7001953125
2022-04-05,7527.89990234375
2022-04-06,7490.10009765625
2022-04-07,7442.7998046875
2022-04-08,7478.0
2022-04-11,7485.2001953125
2022-04-12,7454.0
2022-04-13,7479.0
2022-04-14,7523.39990234375
2022-04-19,7565.2001953125
2022-04-20,7569.2001953125
2022-04-21,7592.7998046875
2022-04-22,7473.2998046875
2022-04-26,7318.0
2022-04-27,7261.2001953125
2022-04-28,7356.89990234375
2022-04-29,7435.0
2022-05-02,7347.0
2022-05-03,7316.2001953125
2022-05-04,7304.7001953125
2022-05-05,7364.7001953125
2022-05-06,7205.60009765625
2022-05-09,7120.7001953125
2022-05-10,7051.2001953125
2022-05-11,7064.7001953125
2022-05-12,6941.0
2022-05-13,7075.10009765625
2022-05-16,7093.0
2022-05-17,7112.5
2022-05-18,7182.7001953125
2022-05-19,7064.5
2022-05-20,7145.60009765625
2022-05-23,7148.89990234375
2022-05-24,7128.7998046875
2022-05-25,7155.2001953125
2022-05-26,7105.89990234375
2022-05-27,7182.7001953125
2022-05-30,7286.60009765625
2022-05-31,7211.2001953125
2022-06-01,7234.0
2022-06-02,7175.89990234375
2022-06-03,7238.7998046875
2022-06-06,7206.2998046875
2022-06-07,7095.7001953125
2022-06-08,7121.10009765625
2022-06-09,7019.7001953125
2022-06-10,6932.0
2022-06-14,6686.0
2022-06-15,6601.0
2022-06-16,6591.10009765625
2022-06-17,6474.7998046875
2022-06-20,6433.39990234375
2022-06-21,6523.7998046875
2022-06-22,6508.5
2022-06-23,6528.39990234375
2022-06-24,6578.7001953125
2022-06-27,6706.0
2022-06-28,6763.60009765625
2022-06-29,6700.2001953125
2022-06-30,6568.10009765625
2022-07-01,6539.89990234375
2022-07-04,6612.60009765625
2022-07-05,6629.2998046875
2022-07-06,6594.5
2022-07-07,6648.0
2022-07-08,6678.0
2022-07-11,6602.2001953125
2022-07-12,6606.2998046875
2022-07-13,6621.60009765625
2022-07-14,6650.60009765625
2022-07-15,6605.60009765625
2022-07-18,6687.10009765625
2022-07-19,6649.60009765625
2022-07-20,6759.2001953125
2022-07-21,6794.2998046875
2022-07-22,6791.5
2022-07-25,6789.89990234375
2022-07-26,6807.2998046875
2022-07-27,6823.2001953125
2022-07-28,6889.7001953125
2022-07-29,6945.2001953125
2022-08-01,6993.0
2022-08-02,6998.10009765625
2022-08-03,6975.89990234375
2022-08-04,6974.89990234375
2022-08-05,7015.60009765625
2022-08-08,7020.60009765625
2022-08-09,7029.7998046875
2022-08-10,6992.7001953125
2022-08-11,7071.0
2022-08-12,7032.5
2022-08-15,7064.2998046875
2022-08-16,7105.39990234375
2022-08-17,7127.7001953125
2022-08-18,7112.7998046875
2022-08-19,7114.5
2022-08-22,7046.89990234375
2022-08-23,6961.7998046875
2022-08-24,6998.10009765625
2022-08-25,7048.10009765625
2022-08-26,7104.10009765625
2022-08-29,6965.5
2022-08-30,6998.2998046875
2022-08-31,6986.7998046875
2022-09-01,6845.60009765625
2022-09-02,6828.7001953125
2022-09-05,6852.2001953125
2022-09-06,6826.5
2022-09-07,6729.2998046875
2022-09-08,6848.7001953125
2022-09-09,6894.2001953125
2022-09-12,6964.5
2022-09-13,7009.7001953125
2022-09-14,6828.60009765625
2022-09-15,6842.89990234375
2022-09-16,6739.10009765625
2022-09-19,6719.89990234375
2022-09-20,6806.39990234375
2022-09-21,6700.2001953125
2022-09-23,6574.7001953125
2022-09-26,6469.39990234375
2022-09-27,6496.2001953125
2022-09-28,6462.0
2022-09-29,6555.0
2022-09-30,6474.2001953125
2022-10-03,6456.89990234375
2022-10-04,6699.2998046875
2022-10-05,6815.7001953125
2022-10-06,6817.5
2022-10-07,6762.7998046875
2022-10-10,6667.7998046875
2022-10-11,6645.0
2022-10-12,6647.5
2022-10-13,6642.60009765625
2022-10-14,6758.7998046875
2022-10-17,6664.39990234375
2022-10-18,6779.2001953125
2022-10-19,6800.10009765625
2022-10-20,6730.7001953125
2022-10-21,6676.7998046875
2022-10-24,6779.39990234375
2022-10-25,6798.60009765625
2022-10-26,6810.89990234375
2022-10-27,6845.10009765625
2022-10-28,6785.7001953125
2022-10-31,6863.5
2022-11-01,6976.89990234375
2022-11-02,6986.7001953125
2022-11-03,6857.89990234375
2022-11-04,6892.5
2022-11-07,6933.7001953125
2022-11-08,6958.89990234375
2022-11-09,6999.2998046875
2022-11-10,6964.0
2022-11-11,7158.0
2022-11-14,7146.2998046875
2022-11-15,7141.60009765625
2022-11-16,7122.2001953125
2022-11-17,7135.7001953125
2022-11-18,7151.7998046875
2022-11-21,7139.2998046875
2022-11-22,7181.2998046875
2022-11-23,7247.39990234375
2022-11-24,7241.7998046875
2022-11-25,7259.5
2022-11-28,7229.10009765625
2022-11-29,7253.2998046875
2022-11-30,7284.2001953125
2022-12-01,7354.39990234375
2022-12-02,7301.5
2022-12-05,7325.60009765625
2022-12-06,7291.2998046875
2022-12-07,7229.39990234375
2022-12-08,7175.5
2022-12-09,7213.2001953125
2022-12-12,7180.7998046875
2022-12-13,7203.2998046875
2022-12-14,7251.2998046875
2022-12-15,7204.7998046875
2022-12-16,7148.7001953125
2022-12-19,7133.89990234375
2022-12-20,7024.2998046875
2022-12-21,7115.10009765625
2022-12-22,7152.5
2022-12-23,7107.7001953125
2022-12-28,7086.39990234375
2022-12-29,7020.10009765625
2022-12-30,7038.7001953125
2023-01-03,6946.2001953125
2023-01-04,7059.2001953125
2023-01-05,7063.60009765625
2023-01-06,7109.60009765625
2023-01-09,7151.2998046875
2023-01-10,7131.0
2023-01-11,7195.2998046875
2023-01-12,7280.39990234375
2023-01-13,7328.10009765625
2023-01-16,7388.2001953125
2023-01-17,7386.2998046875
2023-01-18,7393.39990234375
2023-01-19,7435.2998046875
2023-01-20,7452.2001953125
2023-01-23,7457.2998046875
2023-01-24,7490.39990234375
2023-01-25,7468.2998046875
2023-01-27,7493.7998046875
2023-01-30,7481.7001953125
2023-01-31,7476.7001953125
2023-02-01,7501.7001953125
2023-02-02,7511.60009765625
2023-02-03,7558.10009765625
2023-02-06,7539.0
2023-02-07,7504.10009765625
2023-02-08,7530.10009765625
2023-02-09,7490.2998046875
2023-02-10,7433.7001953125
2023-02-13,7417.7998046875
2023-02-14,7430.89990234375
2023-02-15,7352.2001953125
2023-02-16,7410.2998046875
2023-02-17,7346.7998046875
2023-02-20,7351.5
2023-02-21,7336.2998046875
2023-02-22,7314.5
2023-02-23,7285.39990234375
2023-02-24,7307.0
2023-02-27,7224.7998046875
2023-02-28,7258.39990234375
2023-03-01,7251.60009765625
2023-03-02,7255.39990234375
2023-03-03,7283.60009765625
2023-03-06,7328.60009765625
2023-03-07,7364.7001953125
2023-03-08,7307.7998046875
2023-03-09,7311.10009765625
2023-03-10,7144.7001953125
2023-03-13,7108.7998046875
2023-03-14,7008.89990234375
2023-03-15,7068.89990234375
2023-03-16,6965.5
2023-03-17,6994.7998046875
2023-03-20,6898.5
2023-03-21,6955.39990234375
2023-03-22,7015.60009765625
2023-03-23,6968.60009765625
2023-03-24,6955.2001953125
2023-03-27,6962.0
2023-03-28,7034.10009765625
2023-03-29,7050.2998046875
2023-03-30,7122.2998046875
2023-03-31,7177.7998046875
2023-04-03,7223.0
2023-04-04,7236.0
2023-04-05,7237.2001953125
2023-04-06,7219.0
2023-04-11,7309.89990234375
2023-04-12,7343.89990234375
2023-04-13,7324.10009765625
2023-04-14,7361.60009765625
2023-04-17,7381.5
2023-04-18,7360.2001953125
2023-04-19,7365.5
2023-04-20,7362.2001953125
2023-04-21,7330.39990234375
2023-04-24,7322.0
2023-04-26,7316.2998046875
2023-04-27,7292.7001953125
2023-04-28,7309.2001953125
2023-05-01,7334.60009765625
2023-05-02,7267.39990234375
2023-05-03,7197.39990234375
2023-05-04,7193.10009765625
2023-05-05,7220.0
2023-05-08,7276.5
2023-05-09,7264.10009765625
2023-05-10,7255.7001953125
2023-05-11,7251.89990234375
2023-05-12,7256.7001953125
2023-05-15,7267.10009765625
2023-05-16,7234.7001953125
2023-05-17,7199.2001953125
2023-05-18,7236.7998046875
2023-05-19,7279.5
2023-05-22,7263.2998046875
2023-05-23,7259.89990234375
2023-05-24,7213.7998046875
2023-05-25,7138.2001953125
2023-05-26,7154.7998046875
2023-05-29,7217.39990234375
2023-05-30,7209.2998046875
2023-05-31,7091.2998046875
2023-06-01,7110.7998046875
2023-06-02,7145.10009765625
2023-06-05,7216.2998046875
2023-06-06,7129.60009765625
2023-06-07,7118.0
2023-06-08,7099.7001953125
2023-06-09,7122.5
2023-06-13,7138.89990234375
2023-06-14,7161.7001953125
2023-06-15,7175.2998046875
2023-06-16,7251.2001953125
2023-06-19,7294.89990234375
2023-06-20,7357.7998046875
2023-06-21,7314.89990234375
2023-06-22,7195.5
2023-06-23,7099.2001953125
2023-06-26,7078.7001953125
2023-06-27,7118.2001953125
2023-06-28,7196.5
2023-06-29,7194.89990234375
2023-06-30,7203.2998046875
2023-07-03,7246.10009765625
2023-07-04,7279.0
2023-07-05,7253.2001953125
2023-07-06,7163.39990234375
2023-07-07,7042.2998046875
2023-07-10,7004.0
2023-07-11,7108.89990234375
2023-07-12,7135.7001953125
2023-07-13,7246.89990234375
2023-07-14,7303.10009765625
2023-07-17,7298.5
2023-07-18,7283.7998046875
2023-07-19,7323.7001953125
2023-07-20,7325.0
2023-07-21,7313.89990234375
2023-07-24,7306.39990234375
2023-07-25,7339.7001953125
2023-07-26,7402.0
2023-07-27,7455.89990234375
2023-07-28,7403.60009765625
2023-07-31,7410.39990234375
2023-08-01,7450.7001953125
2023-08-02,7354.60009765625
2023-08-03,7311.7001953125
2023-08-04,7325.2998046875
2023-08-07,7309.2001953125
2023-08-08,7311.10009765625
2023-08-09,7338.0
2023-08-10,7357.39990234375
2023-08-11,7340.10009765625
2023-08-14,7277.0
2023-08-15,7305.0
2023-08-16,7195.2001953125
2023-08-17,7146.0
2023-08-18,7148.10009765625
2023-08-21,7115.5
2023-08-22,7121.60009765625
2023-08-23,7148.39990234375
2023-08-24,7182.10009765625
2023-08-25,7115.2001953125
2023-08-28,7159.7998046875
2023-08-29,7210.5
2023-08-30,7297.7001953125
2023-08-31,7305.2998046875
2023-09-01,7278.2998046875
2023-09-04,7318.7998046875
2023-09-05,7314.2998046875
2023-09-06,7257.10009765625
2023-09-07,7171.0
2023-09-08,7156.7001953125
2023-09-11,7192.2998046875
2023-09-12,7206.89990234375
2023-09-13,7153.89990234375
2023-09-14,7186.5
2023-09-15,7279.0
2023-09-18,7230.39990234375
2023-09-19,7196.60009765625
2023-09-20,7163.2998046875
2023-09-21,7065.2001953125
2023-09-22,7068.7998046875
2023-09-25,7076.5
2023-09-26,7038.2001953125
2023-09-27,7030.2998046875
2023-09-28,7024.7998046875
2023-09-29,7048.60009765625
2023-10-02,7033.2001953125
2023-10-03,6943.39990234375
2023-10-04,6890.2001953125
2023-10-05,6925.5
2023-10-06,6954.2001953125
2023-10-09,6970.2001953125
2023-10-10,7040.60009765625
2023-10-11,7088.39990234375
2023-10-12,7091.0
2023-10-13,7051.0
2023-10-16,7026.5
2023-10-17,7056.10009765625
2023-10-18,7077.60009765625
2023-10-19,6981.60009765625
2023-10-20,6900.7001953125
2023-10-23,6844.10009765625
2023-10-24,6856.89990234375
2023-10-25,6854.2998046875
2023-10-26,6812.2998046875
2023-10-27,6826.89990234375
2023-10-30,6772.89990234375
2023-10-31,6780.7001953125
2023-11-01,6838.2998046875
2023-11-02,6899.7001953125
2023-11-03,6978.2001953125
2023-11-06,6997.39990234375
2023-11-07,6977.10009765625
2023-11-08,6995.39990234375
2023-11-09,7014.89990234375
2023-11-10,6976.5
2023-11-13,6948.7998046875
2023-11-14,7006.7001953125
2023-11-15,7105.89990234375
2023-11-16,7058.39990234375
2023-11-17,7049.39990234375
2023-11-20,7058.39990234375
2023-11-21,7078.2001953125
2023-11-22,7073.39990234375
2023-11-23,7029.2001953125
2023-11-24,7040.7998046875
2023-11-27,6987.60009765625
2023-11-28,7015.2001953125
2023-11-29,7035.2998046875
2023-11-30,7087.2998046875
2023-12-01,7073.2001953125
2023-12-04,7124.7001953125
2023-12-05,7061.60009765625
2023-12-06,7178.39990234375
2023-12-07,7173.2998046875
2023-12-08,7194.89990234375
2023-12-11,7199.0
2023-12-12,7235.2998046875
2023-12-13,7257.7998046875
2023-12-14,7377.89990234375
2023-12-15,7442.7001953125
2023-12-18,7426.39990234375
2023-12-19,7489.10009765625
2023-12-20,7537.89990234375
2023-12-21,7504.10009765625
2023-12-22,7501.60009765625
2023-12-27,7561.2001953125
2023-12-28,7614.2998046875
2023-12-29,7590.7998046875
2024-01-02,7627.7998046875
2024-01-03,7523.2001953125
2024-01-04,7494.10009765625
2024-01-05,7489.10009765625
2024-01-08,7451.5
2024-01-09,7520.5
2024-01-10,7468.5
2024-01-11,7506.0
2024-01-12,7498.2998046875
2024-01-15,7496.2998046875
2024-01-16,7414.7998046875
2024-01-17,7393.10009765625
2024-01-18,7346.5
2024-01-19,7421.2001953125
2024-01-22,7476.60009765625
2024-01-23,7514.89990234375
2024-01-24,7519.2001953125
2024-01-25,7555.39990234375
2024-01-29,7578.39990234375
2024-01-30,7600.2001953125
2024-01-31,7680.7001953125
2024-02-01,7588.2001953125
2024-02-02,7699.39990234375
2024-02-05,7625.89990234375
2024-02-06,7581.60009765625
2024-02-07,7624.89990234375
2024-02-08,7639.2001953125
2024-02-09,7644.7998046875
2024-02-12,7614.89990234375
2024-02-13,7603.60009765625
2024-02-14,7547.7001953125
2024-02-15,7605.7001953125
2024-02-16,7658.2998046875
2024-02-19,7665.10009765625
2024-02-20,7659.0
2024-02-21,7597.7998046875
2024-02-22,7611.2001953125
2024-02-23,7643.60009765625
2024-02-26,7652.7998046875
2024-02-27,7663.0
2024-02-28,7660.39990234375
2024-02-29,7698.7001953125
2024-03-01,7745.60009765625
2024-03-04,7735.7998046875
2024-03-05,7724.2001953125
2024-03-06,7733.5
2024-03-07,7763.7001953125
2024-03-08,7847.0
2024-03-11,7704.2001953125
2024-03-12,7712.5
2024-03-13,7729.39990234375
2024-03-14,7713.60009765625
2024-03-15,7670.2998046875
2024-03-18,7675.7998046875
2024-03-19,7703.2001953125
2024-03-20,7695.7998046875
2024-03-21,7782.0
2024-03-22,7770.60009765625
2024-03-25,7811.89990234375
2024-03-26,7780.2001953125
2024-03-27,7819.60009765625
2024-03-28,7896.89990234375
2024-04-02,7887.89990234375
2024-04-03,7782.5
2024-04-04,7817.2998046875
2024-04-05,7773.2998046875
2024-04-08,7789.10009765625
2024-04-09,7824.2001953125
2024-04-10,7848.5
2024-04-11,7813.60009765625
2024-04-12,7788.10009765625
2024-04-15,7752.5
2024-04-16,7612.5
2024-04-17,7605.60009765625
2024-04-18,7642.10009765625
2024-04-19,7567.2998046875
2024-04-22,7649.2001953125
2024-04-23,7683.5
2024-04-24,7683.0
2024-04-26,7575.89990234375
2024-04-29,7637.39990234375
2024-04-30,7664.10009765625
2024-05-01,7569.89990234375
2024-05-02,7587.0
2024-05-03,7629.0
2024-05-06,7682.39990234375
2024-05-07,7793.2998046875
2024-05-08,7804.5
2024-05-09,7721.60009765625
2024-05-10,7749.0
2024-05-13,7750.0
2024-05-14,7726.7998046875
2024-05-15,7753.7001953125
2024-05-16,7881.2998046875
2024-05-17,7814.39990234375
2024-05-20,7863.7001953125
2024-05-21,7851.7001953125
2024-05-22,7848.10009765625
2024-05-23,7811.7998046875
2024-05-24,7727.60009765625
2024-05-27,7788.2998046875
2024-05-28,7766.7001953125
2024-05-29,7665.60009765625
2024-05-30,7628.2001953125
2024-05-31,7701.7001953125
2024-06-03,7761.0
2024-06-04,7737.10009765625
2024-06-05,7769.0
2024-06-06,7821.7998046875
2024-06-07,7860.0
2024-06-11,7755.39990234375
2024-06-12,7715.5
2024-06-13,7749.7001953125
2024-06-14,7724.2998046875
2024-06-17,7700.2998046875
2024-06-18,7778.10009765625
2024-06-19,7769.7001953125
2024-06-20,7769.39990234375
2024-06-21,7796.0
2024-06-24,7733.7001953125
2024-06-25,7838.7998046875
2024-06-26,7783.0
2024-06-27,7759.60009765625
2024-06-28,7767.5
2024-07-01,7750.7001953125
2024-07-02,7718.2001953125
2024-07-03,7739.89990234375
2024-07-04,7831.7998046875
2024-07-05,7822.2998046875
2024-07-08,7763.2001953125
2024-07-09,7829.7001953125
2024-07-10,7816.7998046875
2024-07-11,7889.60009765625
2024-07-12,7959.2998046875
2024-07-15,8017.60009765625
2024-07-16,7999.2998046875
2024-07-17,8057.89990234375
2024-07-18,8036.5
2024-07-19,7971.60009765625
2024-07-22,7931.7001953125
2024-07-23,7971.10009765625
2024-07-24,7963.7001953125
2024-07-25,7861.2001953125
2024-07-26,7921.2998046875
2024-07-29,7989.60009765625
2024-07-30,7953.2001953125
2024-07-31,8092.2998046875
2024-08-01,8114.7001953125
2024-08-02,7943.2001953125
2024-08-05,7649.60009765625
2024-08-06,7680.60009765625
2024-08-07,7699.7998046875
2024-08-08,7682.0
2024-08-09,7777.7001953125
2024-08-12,7813.7001953125
2024-08-13,7826.7998046875
2024-08-14,7850.7001953125
2024-08-15,7865.5
2024-08-16,7971.10009765625
2024-08-19,7980.39990234375
2024-08-20,7997.7001953125
2024-08-21,8010.5
2024-08-22,8027.0
2024-08-23,8023.89990234375
2024-08-26,8084.5
2024-08-27,8071.2001953125
2024-08-28,8071.39990234375
2024-08-29,8045.10009765625
2024-08-30,8091.89990234375
2024-09-02,8109.89990234375
2024-09-03,8103.2001953125
2024-09-04,7950.5
2024-09-05,7982.39990234375
2024-09-06,8013.39990234375
2024-09-09,7988.10009765625
2024-09-10,8011.89990234375
2024-09-11,7987.89990234375
2024-09-12,8075.7001953125
2024-09-13,8099.89990234375
2024-09-16,8121.60009765625
2024-09-17,8140.89990234375
2024-09-18,8142.10009765625
2024-09-19,8191.89990234375
2024-09-20,8209.5
2024-09-23,8152.89990234375
2024-09-24,8142.0
2024-09-25,8126.39990234375
2024-09-26,8203.7001953125
2024-09-27,8212.2001953125
2024-09-30,8269.7998046875
2024-10-01,8208.900390625
2024-10-02,8198.2001953125
2024-10-03,8205.2001953125
2024-10-04,8150.0
2024-10-07,8205.400390625
2024-10-08,8176.89990234375
2024-10-09,8187.39990234375
2024-10-10,8223.0
2024-10-11,8214.5
2024-10-14,8252.7998046875
2024-10-15,8318.400390625
2024-10-16,8284.7001953125
2024-10-17,8355.900390625
2024-10-18,8283.2001953125
2024-10-21,8344.400390625
2024-10-22,8205.7001953125
2024-10-23,8216.0
2024-10-24,8206.2998046875
2024-10-25,8211.2998046875
2024-10-28,8221.5
2024-10-29,8249.2001953125
2024-10-30,8180.39990234375
2024-10-31,8160.0
2024-11-01,8118.7998046875
2024-11-04,8164.60009765625
2024-11-05,8131.7998046875
2024-11-06,8199.5
2024-11-07,8285.599609375
2024-11-08,8295.099609375
2024-11-11,8266.2001953125
2024-11-12,8255.599609375
2024-11-13,8193.400390625
2024-11-14,8224.0
2024-11-15,8285.2001953125
2024-11-18,8300.2001953125
2024-11-19,8374.0
2024-11-20,8326.2998046875
2024-11-21,8323.0
2024-11-22,8393.7998046875
2024-11-25,8417.599609375
2024-11-26,8359.400390625
2024-11-27,8406.7001953125
2024-11-28,8444.2998046875
2024-11-29,8436.2001953125
2024-12-02,8447.900390625
2024-12-03,8495.2001953125
2024-12-04,8462.599609375
2024-12-05,8474.900390625
2024-12-06,8420.900390625
2024-12-09,8423.0
2024-12-10,8393.0
2024-12-11,8353.599609375
2024-12-12,8330.2998046875
2024-12-13,8296.0
2024-12-16,8249.5
2024-12-17,8314.0
2024-12-18,8309.400390625
2024-12-19,8168.2001953125
2024-12-20,8067.0
2024-12-23,8201.599609375
2024-12-24,8220.900390625
2024-12-27,8261.7998046875
2024-12-30,8235.0
2024-12-31,8159.10009765625
2025-01-02,8201.2001953125
2025-01-03,8250.5
2025-01-06,8288.5
2025-01-07,8285.099609375
2025-01-08,8349.099609375
2025-01-09,8329.2001953125
2025-01-10,8294.099609375
2025-01-13,8191.89990234375
2025-01-14,8231.0
2025-01-15,8213.2998046875
2025-01-16,8327.0
2025-01-17,8310.400390625
2025-01-20,8402.0
2025-01-21,8420.2998046875
2025-01-22,8429.7998046875
2025-01-23,8378.7001953125
2025-01-24,8408.900390625
2025-01-28,8399.099609375
2025-01-29,8447.0
2025-01-30,8550.099609375
2025-01-31,8532.2998046875
2025-02-03,8379.400390625
2025-02-04,8374.0
2025-02-05,8416.900390625
2025-02-06,8520.7001953125
2025-02-07,8511.400390625
2025-02-10,8482.7998046875
2025-02-11,8484.0
2025-02-12,8535.2998046875
2025-02-13,8540.0
2025-02-14,8555.7998046875
2025-02-17,8505.7998046875
2025-02-18,8481.0
2025-02-19,8419.2001953125
2025-02-20,8322.7998046875
2025-02-21,8296.2001953125
2025-02-24,8308.2001953125
2025-02-25,8251.900390625
2025-02-26,8240.7001953125
2025-02-27,8268.2001953125
2025-02-28,8172.39990234375
2025-03-03,8245.7001953125
2025-03-04,8198.099609375
2025-03-05,8141.10009765625
2025-03-06,8094.7001953125
2025-03-07,7948.2001953125
2025-03-10,7962.2998046875
2025-03-11,7890.10009765625
2025-03-12,7786.2001953125
2025-03-13,7749.10009765625
2025-03-14,7789.7001953125
2025-03-17,7854.10009765625
2025-03-18,7860.39990234375
2025-03-19,7828.2998046875
2025-03-20,7918.89990234375
2025-03-21,7931.2001953125
2025-03-24,7936.89990234375
2025-03-25,7942.5
2025-03-26,7999.0
2025-03-27,7969.0
2025-03-28,7982.0
2025-03-31,7843.39990234375
2025-04-01,7925.2001953125
2025-04-02,7934.5
2025-04-03,7859.7001953125
2025-04-04,7667.7998046875
2025-04-07,7343.2998046875
2025-04-08,7510.0
2025-04-09,7375.0
2025-04-10,7709.60009765625
2025-04-11,7646.5
2025-04-14,7748.60009765625
2025-04-15,7761.7001953125
2025-04-16,7758.89990234375
2025-04-17,7819.10009765625
2025-04-22,7816.7001953125
2025-04-23,7920.5
2025-04-24,7968.2001953125
2025-04-28,7997.10009765625
2025-04-29,8070.60009765625
2025-04-30,8126.2001953125
2025-05-01,8145.60009765625
2025-05-02,8238.0
2025-05-05,8157.7998046875
2025-05-06,8151.39990234375
2025-05-07,8178.2998046875
2025-05-08,8191.7001953125
2025-05-09,8231.2001953125
2025-05-12,8233.5
2025-05-13,8269.0
2025-05-14,8279.599609375
2025-05-15,8297.5
2025-05-16,8343.7001953125
2025-05-19,8295.099609375
2025-05-20,8343.2998046875
2025-05-21,8386.7998046875
2025-05-22,8348.7001953125
2025-05-23,8360.900390625
2025-05-26,8361.0
2025-05-27,8407.599609375
2025-05-28,8396.900390625
2025-05-29,8409.7998046875
2025-05-30,8434.7001953125
2025-06-02,8414.099609375
2025-06-03,8466.7001953125
2025-06-04,8541.7998046875
2025-06-05,8538.900390625
2025-06-06,8515.7001953125
2025-06-10,8587.2001953125
2025-06-11,8592.099609375
2025-06-12,8565.099609375
2025-06-13,8547.400390625
2025-06-16,8548.400390625
2025-06-17,8541.2998046875
2025-06-18,8531.2001953125
2025-06-19,8523.7001953125
2025-06-20,8505.5
2025-06-23,8474.900390625
2025-06-24,8555.5
2025-06-25,8559.2001953125
2025-06-26,8550.7998046875
2025-06-27,8514.2001953125
2025-06-30,8542.2998046875
2025-07-01,8541.099609375
2025-07-02,8597.7001953125
2025-07-03,8595.7998046875
2025-07-04,8603.0
2025-07-07,8589.2998046875
2025-07-08,8590.7001953125
2025-07-09,8538.599609375
2025-07-10,8589.2001953125
2025-07-11,8580.099609375
2025-07-14,8570.400390625
2025-07-15,8630.2998046875
2025-07-16,8561.7998046875
2025-07-17,8639.0
2025-07-18,8757.2001953125
2025-07-21,8668.2001953125
2025-07-22,8677.2001953125
2025-07-23,8737.2001953125
2025-07-24,8709.400390625
2025-07-25,8666.900390625
2025-07-28,8697.7001953125
2025-07-29,8704.599609375
2025-07-30,8756.400390625
2025-07-31,8742.7998046875
2025-08-01,8662.0
2025-08-04,8663.7001953125
2025-08-05,8770.400390625
2025-08-06,8843.7001953125
2025-08-07,8831.400390625
2025-08-08,8807.099609375
2025-08-11,8844.7998046875
2025-08-12,8880.7998046875
2025-08-13,8827.099609375
2025-08-14,8873.7998046875
2025-08-15,8938.599609375
2025-08-18,8959.2998046875
2025-08-19,8896.2001953125
2025-08-20,8918.0
2025-08-21,9019.099609375
2025-08-22,8967.400390625
2025-08-25,8972.400390625
2025-08-26,8935.599609375
2025-08-27,8960.5
2025-08-28,8980.0
2025-08-29,8973.099609375
2025-09-01,8927.7001953125
2025-09-02,8900.599609375
2025-09-03,8738.7998046875
2025-09-04,8826.5
2025-09-05,8871.2001953125
2025-09-08,8849.599609375
2025-09-09,8803.5
2025-09-10,8830.400390625
2025-09-11,8805.0
2025-09-12,8864.900390625
2025-09-15,8853.0
2025-09-16,8877.7001953125
2025-09-17,8818.5
2025-09-18,8745.2001953125
2025-09-19,8773.5
2025-09-22,8810.900390625
2025-09-23,8845.900390625
2025-09-24,8764.5
2025-09-25,8773.0
2025-09-26,8787.7001953125
2025-09-29,8862.7998046875
2025-09-30,8848.7998046875
2025-10-01,8845.7001953125
2025-10-02,8945.900390625
2025-10-03,8987.400390625
2025-10-06,8981.400390625
2025-10-07,8956.7998046875
2025-10-08,8947.599609375
2025-10-09,8969.7998046875
2025-10-10,8958.2998046875
2025-10-13,8882.7998046875
2025-10-14,8899.400390625
2025-10-15,8990.900390625
2025-10-16,9068.400390625
2025-10-17,8995.2998046875
2025-10-20,9031.900390625
2025-10-21,9094.7001953125
2025-10-22,9030.0
2025-10-23,9032.7998046875
2025-10-24,9019.0
2025-10-27,9055.599609375
2025-10-28,9012.5
2025-10-29,8926.2001953125
2025-10-30,8885.5
2025-10-31,8881.900390625
2025-11-03,8894.7998046875
2025-11-04,8813.7001953125
2025-11-05,8802.0
2025-11-06,8831.7998046875
2025-11-07,8769.7001953125
2025-11-10,8830.900390625
2025-11-11,8818.7998046875
2025-11-12,8799.5
2025-11-13,8753.400390625
2025-11-14,8634.5
2025-11-17,8636.400390625
2025-11-18,8469.099609375
2025-11-19,8447.900390625
2025-11-20,8552.7001953125
2025-11-21,8416.5
2025-11-24,8525.099609375
2025-11-25,8537.0
2025-11-26,8606.5
2025-11-27,8619.2001953125
2025-11-28,8614.099609375
2025-12-01,8565.2001953125
2025-12-02,8579.7001953125
2025-12-03,8595.2001953125
2025-12-04,8618.400390625
2025-12-05,8634.599609375
2025-12-08,8624.400390625
2025-12-09,8585.900390625
2025-12-10,8579.400390625
2025-12-11,8592.0
2025-12-12,8697.2998046875
2025-12-15,8635.0
2025-12-16,8598.900390625
2025-12-17,8585.2001953125
2025-12-18,8588.2001953125
2025-12-19,8621.400390625
2025-12-22,8699.900390625
2025-12-23,8795.7001953125
2025-12-24,8762.7001953125
2025-12-29,8725.7001953125
2025-12-30,8717.099609375
2025-12-31,8714.2998046875
2026-01-02,8727.7998046875
2026-01-05,8728.599609375
2026-01-06,8714.599609375
2026-01-07,8695.599609375
2026-01-08,8720.7998046875
2026-01-09,8717.7998046875
2026-01-12,8759.400390625
2026-01-13,8808.5
2026-01-14,8820.599609375
2026-01-15,8861.7001953125
2026-01-16,8903.900390625
2026-01-19,8874.5
2026-01-20,8815.900390625
2026-01-21,8782.900390625
2026-01-22,8848.7001953125
2026-01-23,8860.099609375
2026-01-27,8941.599609375
2026-01-28,8933.900390625
2026-01-29,8966.099609375
2026-01-30,8869.099609375
2026-02-02,8778.599609375
2026-02-03,8857.099609375
2026-02-04,8927.7998046875
2026-02-05,8889.2001953125
2026-02-06,8708.7998046875
2026-02-09,8912.099609375
2026-02-10,8867.400390625
2026-02-11,9014.7998046875
2026-02-12,9043.5
2026-02-13,8917.599609375
2026-02-16,8966.7998046875
2026-02-17,8958.900390625
2026-02-18,9007.0
2026-02-19,9086.2001953125
2026-02-20,9081.400390625
2026-02-23,9026.0
2026-02-24,9022.2998046875
2026-02-25,9128.2998046875
2026-02-26,9175.2998046875
2026-02-27,9198.599609375
2026-03-02,9167.5
2026-03-03,9077.2998046875
2026-03-04,8901.2001953125
2026-03-05,8940.2998046875
2026-03-06,8851.0
2026-03-09,8599.0
2026-03-10,8692.599609375
2026-03-11,8743.5
2026-03-12,8629.0
2026-03-13,8617.099609375
2026-03-16,8583.400390625
2026-03-17,8614.2998046875
2026-03-18,8640.599609375
2026-03-19,8497.7998046875
2026-03-20,8428.400390625
2026-03-23,8365.900390625
2026-03-24,8379.400390625
2026-03-25,8557.599609375
2026-03-26,8525.7001953125
2026-03-27,8516.2998046875
2026-03-30,8461.0
2026-03-31,8481.7998046875
2026-04-01,8671.7998046875
2026-04-02,8579.5
2026-04-07,8728.7998046875
2026-04-08,8951.7998046875
2026-04-09,8973.2001953125
2026-04-10,8960.599609375
2026-04-13,8926.0
2026-04-14,8970.7998046875
2026-04-15,8978.7001953125
2026-04-16,8955.0
2026-04-17,8946.900390625
2026-04-20,8953.2998046875
2026-04-21,8949.400390625
2026-04-22,8843.599609375
2026-04-23,8793.400390625
2026-04-24,8786.5
2026-04-27,8766.400390625
2026-04-28,8710.7001953125
2026-04-29,8687.0
2026-04-30,8665.7998046875
2026-05-01,8729.7998046875
2026-05-04,8697.099609375
2026-05-05,8680.5
2026-05-06,8793.599609375
2026-05-07,8878.099609375
2026-05-08,8744.400390625
2026-05-11,8701.7998046875
2026-05-12,8670.7001953125
2026-05-13,8630.400390625
2026-05-14,8640.7001953125
2026-05-15,8630.7998046875
2026-05-18,8505.2998046875
2026-05-19,8604.7001953125
2026-05-20,8496.599609375
2026-05-21,8621.7001953125
2026-05-22,8657.0
2026-05-25,8692.0
2026-05-26,8657.7998046875
2026-05-27,8717.7001953125
2026-05-28,8592.900390625
2026-05-29,8731.7001953125
2026-06-01,8729.400390625
2026-06-02,8724.400390625
2026-06-03,8785.7001953125
2026-06-04,8686.099609375
2026-06-05,8625.099609375
2026-06-09,8604.2001953125
2026-06-10,8653.2998046875
2026-06-11,8633.2001953125
2026-06-12,8804.0
2026-06-15,8914.0
2026-06-16,8917.7001953125
2026-06-17,8966.2998046875
2026-06-18,8911.099609375
2026-06-19,8828.7001953125
2026-06-22,8816.099609375
2026-06-23,8787.0
2026-06-24,8808.400390625
2026-06-25,8748.7001953125
2026-06-26,8764.2001953125
2026-06-29,8823.400390625
2026-06-30,8778.7001953125
2026-07-01,8722.900390625
2026-07-02,8724.5
2026-07-03,8844.400390625
2026-07-06,8831.0
2026-07-07,8803.900390625
2026-07-08,8785.099609375
2026-07-09,8762.5
2026-07-10,8806.0
2026-07-13,8808.5
2026-07-14,8808.5
2026-07-15,8841.099609375
2026-07-16,8840.7001953125
2026-07-17,8796.7001953125
2026-07-20,8791.2998046875
2026-07-21,8793.2998046875
2026-07-22,8823.0
2026-07-23,8839.0
2026-07-24,8772.2998046875
2026-07-27,8894.0
2026-07-28,8947.7998046875
2026-07-29,9038.599609375
2026-07-30,8967.7001953125
2026-07-31,8976.7998046875
2026-08-03,9019.2998046875
2026-08-04,9145.7998046875
2026-08-05,9227.7998046875
2026-08-06,9271.599609375
2026-08-07,9263.599609375
2026-08-10,9232.599609375
2026-08-11,9250.599609375
2026-08-12,9209.400390625
2026-08-13,9188.5
2026-08-14,9115.2001953125
2026-08-17,9073.2001953125
2026-08-18,9070.0
2026-08-19,9053.7998046875
2026-08-20,9083.7998046875
2026-08-21,9058.900390625
2026-08-24,9103.099609375
2026-08-25,9164.599609375
2026-08-26,9127.7998046875
