Date,Close
2010-01-04,20.688404083251953
2010-01-05,21.14814567565918
2010-01-06,21.017885208129883
2010-01-07,20.994897842407227
2010-01-08,20.918270111083984
2010-01-11,20.726713180541992
2010-01-12,19.998788833618164
2010-01-13,20.74203872680664
2010-01-14,20.78801155090332
2010-01-15,20.35125732421875
2010-01-19,20.35892105102539
2010-01-20,19.70762062072754
2010-01-21,18.834110260009766
2010-01-22,18.834110260009766
2010-01-25,19.14060401916504
2010-01-26,19.523719787597656
2010-01-27,19.048656463623047
2010-01-28,18.696186065673828
2010-01-29,18.7344970703125
2010-02-01,19.385801315307617
2010-02-02,19.539047241210938
2010-02-03,19.393463134765625
2010-02-04,18.91839599609375
2010-02-05,18.979694366455078
2010-02-08,18.849437713623047
2010-02-09,19.370471954345703
2010-02-10,19.125276565551758
2010-02-11,19.462425231933594
2010-02-12,19.523719787597656
2010-02-16,19.96047592163086
2010-02-17,20.106060028076172
2010-02-18,20.12904930114746
2010-02-19,19.952816009521484
2010-02-22,19.623334884643555
2010-02-23,18.803462982177734
2010-02-24,18.979694366455078
2010-02-25,19.025671005249023
2010-02-26,19.240215301513672
2010-03-01,19.65398597717285
2010-03-02,19.500734329223633
2010-03-03,19.70762062072754
2010-03-04,19.7689208984375
2010-03-05,20.243988037109375
2010-03-08,20.106060028076172
2010-03-09,20.596450805664062
2010-03-10,20.42788314819336
2010-03-11,20.366580963134766
2010-03-12,20.611774444580078
2010-03-15,20.558141708374023
2010-03-16,20.098400115966797
2010-03-17,20.14437484741211
2010-03-18,20.02177619934082
2010-03-19,19.79956817626953
2010-03-22,19.94515609741211
2010-03-23,19.339826583862305
2010-03-24,19.462425231933594
2010-03-25,19.05632209777832
2010-03-26,19.20956802368164
2010-03-29,19.43943977355957
2010-03-30,19.247879028320312
2010-03-31,19.27852439880371
2010-04-01,19.730606079101562
2010-04-05,19.868528366088867
2010-04-06,19.876190185546875
2010-04-07,19.630996704101562
2010-04-08,19.82255744934082
2010-04-09,20.006452560424805
2010-04-12,19.94515609741211
2010-04-13,19.807228088378906
2010-04-14,20.09073829650879
2010-04-15,20.044769287109375
2010-04-16,19.57735824584961
2010-04-19,19.692293167114258
2010-04-20,19.63865852355957
2010-04-21,19.60801124572754
2010-04-22,20.121389389038086
2010-04-23,20.642425537109375
2010-04-26,20.389572143554688
2010-04-27,20.006452560424805
2010-04-28,20.443208694458008
2010-04-29,20.75736427307129
2010-04-30,20.389572143554688
2010-05-03,20.504505157470703
2010-05-04,20.2363224029541
2010-05-05,20.060087203979492
2010-05-06,19.722944259643555
2010-05-07,19.408788681030273
2010-05-10,20.052425384521484
2010-05-11,19.876190185546875
2010-05-12,19.929824829101562
2010-05-13,19.6693058013916
2010-05-14,19.22489356994629
2010-05-17,19.079301834106445
2010-05-18,18.634885787963867
2010-05-19,18.09085464477539
2010-05-20,17.753713607788086
2010-05-21,17.654102325439453
2010-05-24,17.646442413330078
2010-05-25,18.213457107543945
2010-05-26,17.975921630859375
2010-05-27,18.696186065673828
2010-05-28,18.61956024169922
2010-06-01,18.512287139892578
2010-06-02,19.186580657958984
2010-06-03,18.880083084106445
2010-06-04,18.236446380615234
2010-06-07,18.07553482055664
2010-06-08,18.45098876953125
2010-06-09,18.412677764892578
2010-06-10,19.1329402923584
2010-06-11,18.841773986816406
2010-06-14,19.240215301513672
2010-06-15,19.692293167114258
2010-06-16,19.485414505004883
2010-06-17,19.447099685668945
2010-06-18,19.63865852355957
2010-06-21,19.807228088378906
2010-06-22,19.385801315307617
2010-06-23,19.508399963378906
2010-06-24,19.163589477539062
2010-06-25,19.332164764404297
2010-06-28,19.462425231933594
2010-06-29,18.841773986816406
2010-06-30,19.109949111938477
2010-07-01,19.148263931274414
2010-07-02,19.071643829345703
2010-07-06,19.27852439880371
2010-07-07,19.43943977355957
2010-07-08,19.293853759765625
2010-07-09,19.339826583862305
2010-07-12,19.255537033081055
2010-07-13,19.791906356811523
2010-07-14,19.454761505126953
2010-07-15,19.401124954223633
2010-07-16,18.979694366455078
2010-07-19,19.378137588500977
2010-07-20,19.447099685668945
2010-07-21,19.125276565551758
2010-07-22,19.416454315185547
2010-07-23,19.47774314880371
2010-07-26,19.500734329223633
2010-07-27,19.393463134765625
2010-07-28,19.1329402923584
2010-07-29,19.06397819519043
2010-07-30,19.22489356994629
2010-08-02,19.531381607055664
2010-08-03,19.332164764404297
2010-08-04,19.247879028320312
2010-08-05,19.217227935791016
2010-08-06,19.09463119506836
2010-08-09,18.872421264648438
2010-08-10,18.42799949645996
2010-08-11,18.02189826965332
2010-08-12,17.968259811401367
2010-08-13,18.09851837158203
2010-08-16,18.535276412963867
2010-08-17,18.558263778686523
2010-08-18,18.167484283447266
2010-08-19,17.84566307067871
2010-08-20,18.08319664001465
2010-08-23,17.715402603149414
2010-08-24,17.194360733032227
2010-08-25,17.033449172973633
2010-08-26,17.186697006225586
2010-08-27,17.707740783691406
2010-08-30,17.776700973510742
2010-08-31,18.152156829833984
2010-09-01,18.90306854248047
2010-09-02,18.780473709106445
2010-09-03,18.81112289428711
2010-09-07,18.47397804260254
2010-09-08,18.688522338867188
2010-09-09,18.979694366455078
2010-09-10,18.542938232421875
2010-09-13,18.665538787841797
2010-09-14,18.642549514770508
2010-09-15,18.634885787963867
2010-09-16,18.688522338867188
2010-09-17,18.74216079711914
2010-09-20,19.125276565551758
2010-09-21,18.788135528564453
2010-09-22,18.696186065673828
2010-09-23,18.443326950073242
2010-09-24,18.910734176635742
2010-09-27,18.711509704589844
2010-09-28,18.857097625732422
2010-09-29,18.74982261657715
2010-09-30,18.7344970703125
2010-10-01,18.849437713623047
2010-10-04,18.519948959350586
2010-10-05,19.048656463623047
2010-10-06,19.28618812561035
2010-10-07,19.263206481933594
2010-10-08,19.125276565551758
2010-10-11,19.09463119506836
2010-10-12,18.98735809326172
2010-10-13,19.186580657958984
2010-10-14,19.09463119506836
2010-10-15,19.155927658081055
2010-10-18,19.09463119506836
2010-10-19,18.841773986816406
2010-10-20,18.726835250854492
2010-10-21,18.657873153686523
2010-10-22,18.50462532043457
2010-10-25,18.650211334228516
2010-10-26,18.90306854248047
2010-10-27,18.59657859802246
2010-10-28,18.61956024169922
2010-10-29,18.972034454345703
2010-11-01,18.803462982177734
2010-11-02,18.642549514770508
2010-11-03,18.7344970703125
2010-11-04,19.09463119506836
2010-11-05,19.362815856933594
2010-11-08,19.255537033081055
2010-11-09,18.910734176635742
2010-11-10,19.263206481933594
2010-11-11,19.048656463623047
2010-11-12,18.550601959228516
2010-11-15,18.22111701965332
2010-11-16,17.730728149414062
2010-11-17,17.792022705078125
2010-11-18,18.305400848388672
2010-11-19,18.228782653808594
2010-11-22,18.159818649291992
2010-11-23,17.991247177124023
2010-11-24,18.519948959350586
2010-11-26,18.297740936279297
2010-11-29,18.818784713745117
2010-11-30,19.217227935791016
2010-12-01,20.619441986083984
2010-12-02,20.496845245361328
2010-12-03,20.696063995361328
2010-12-06,21.224767684936523
2010-12-07,22.105941772460938
2010-12-08,21.18645477294922
2010-12-09,21.301389694213867
2010-12-10,21.707496643066406
2010-12-13,22.987117767333984
2010-12-14,21.807106018066406
2010-12-15,21.301389694213867
2010-12-16,20.795671463012695
2010-12-17,20.895286560058594
2010-12-20,20.3359375
2010-12-21,20.673076629638672
2010-12-22,20.58112907409668
2010-12-23,20.318798065185547
2010-12-27,20.210145950317383
2010-12-28,19.806568145751953
2010-12-29,20.000593185424805
2010-12-30,20.132532119750977
2010-12-31,20.318798065185547
2011-01-03,21.265666961669922
2011-01-04,20.908649444580078
2011-01-05,20.792232513427734
2011-01-06,20.8853702545166
2011-01-07,20.3110408782959
2011-01-10,20.380889892578125
2011-01-11,20.435218811035156
2011-01-12,20.776710510253906
2011-01-13,21.312231063842773
2011-01-14,21.715816497802734
2011-01-18,21.7701416015625
2011-01-19,21.164770126342773
2011-01-20,20.768949508666992
2011-01-21,21.29671287536621
2011-01-24,21.684776306152344
2011-01-25,21.304473876953125
2011-01-26,21.723575592041016
2011-01-27,22.08059310913086
2011-01-28,22.088350296020508
2011-01-31,22.50745964050293
2011-02-01,22.7868595123291
2011-02-02,22.74028968811035
2011-02-03,22.05730628967285
2011-02-04,21.878801345825195
2011-02-07,22.453126907348633
2011-02-08,22.453126907348633
2011-02-09,22.2513370513916
2011-02-10,21.878801345825195
2011-02-11,21.11043930053711
2011-02-14,20.380889892578125
2011-02-15,20.92417335510254
2011-02-16,20.442983627319336
2011-02-17,20.396413803100586
2011-02-18,19.884174346923828
2011-02-22,18.54924774169922
2011-02-23,18.8907413482666
2011-02-24,18.61910057067871
2011-02-25,18.85969352722168
2011-02-28,18.820890426635742
2011-03-01,18.47163963317871
2011-03-02,18.25432586669922
2011-03-03,18.60357666015625
2011-03-04,18.355220794677734
2011-03-07,18.54924774169922
2011-03-08,18.394023895263672
2011-03-09,18.44059181213379
2011-03-10,18.626861572265625
2011-03-11,18.87521743774414
2011-03-14,18.362979888916016
2011-03-15,18.137908935546875
2011-03-16,17.656713485717773
2011-03-17,17.726558685302734
2011-03-18,18.052532196044922
2011-03-21,18.54924774169922
2011-03-22,18.339696884155273
2011-03-23,18.626861572265625
2011-03-24,18.533727645874023
2011-03-25,18.339696884155273
2011-03-28,18.347454071044922
2011-03-29,18.394023895263672
2011-03-30,18.38626480102539
2011-03-31,18.417306900024414
2011-04-01,18.432830810546875
2011-04-04,18.49492073059082
2011-04-05,18.665666580200195
2011-04-06,19.17014503479004
2011-04-07,19.06924819946289
2011-04-08,19.077011108398438
2011-04-11,18.93730926513672
2011-04-12,18.45611572265625
2011-04-13,18.541486740112305
2011-04-14,18.727754592895508
2011-04-15,18.362979888916016
2011-04-18,18.29313087463379
2011-04-19,18.564769744873047
2011-04-20,18.502683639526367
2011-04-21,18.417306900024414
2011-04-25,18.61910057067871
2011-04-26,18.533727645874023
2011-04-27,18.626861572265625
2011-04-28,18.432830810546875
2011-04-29,18.54924774169922
2011-05-02,18.42506980895996
2011-05-03,18.145662307739258
2011-05-04,18.176712036132812
2011-05-05,18.083576202392578
2011-05-06,18.61910057067871
2011-05-09,18.29313087463379
2011-05-10,18.634620666503906
2011-05-11,18.378503799438477
2011-05-12,18.10685920715332
2011-05-13,18.145662307739258
2011-05-16,17.90506935119629
2011-05-17,17.780887603759766
2011-05-18,17.594623565673828
2011-05-19,16.655519485473633
2011-05-20,16.213132858276367
2011-05-23,15.716415405273438
2011-05-24,15.211936950683594
2011-05-25,15.14208698272705
2011-05-26,15.83283519744873
2011-05-27,15.96477222442627
2011-05-31,15.88715934753418
2011-06-01,16.166563034057617
2011-06-02,16.94268226623535
2011-06-03,16.35283088684082
2011-06-06,16.228654861450195
2011-06-07,16.678802490234375
2011-06-08,16.5623836517334
2011-06-09,16.849552154541016
2011-06-10,16.577911376953125
2011-06-13,16.740890502929688
2011-06-14,16.841785430908203
2011-06-15,16.088951110839844
2011-06-16,16.337308883666992
2011-06-17,15.949250221252441
2011-06-20,15.685371398925781
2011-06-21,16.282983779907227
2011-06-22,16.166563034057617
2011-06-23,15.9259672164917
2011-06-24,15.83283519744873
2011-06-27,15.871638298034668
2011-06-28,16.081192016601562
2011-06-29,16.40715980529785
2011-06-30,16.189847946166992
2011-07-01,15.83283519744873
2011-07-05,15.879404067993164
2011-07-06,15.514623641967773
2011-07-07,15.88715934753418
2011-07-08,15.58447551727295
2011-07-11,15.413728713989258
2011-07-12,15.429247856140137
2011-07-13,15.48358154296875
2011-07-14,15.336113929748535
2011-07-15,15.274027824401855
2011-07-18,15.079998970031738
2011-07-19,15.32059097290039
2011-07-20,15.421491622924805
2011-07-21,15.227457046508789
2011-07-22,15.514623641967773
2011-07-25,15.43701171875
2011-07-26,15.374921798706055
2011-07-27,15.274027824401855
2011-07-28,15.242981910705566
2011-07-29,15.16537094116211
2011-08-01,14.97134017944336
2011-08-02,14.69969654083252
2011-08-03,14.536709785461426
2011-08-04,13.830443382263184
2011-08-05,14.342682838439941
2011-08-08,13.426863670349121
2011-08-09,13.799400329589844
2011-08-10,13.411341667175293
2011-08-11,13.5355224609375
2011-08-12,13.605368614196777
2011-08-15,13.768353462219238
2011-08-16,13.682978630065918
2011-08-17,13.93909740447998
2011-08-18,13.706263542175293
2011-08-19,13.721787452697754
2011-08-22,14.109845161437988
2011-08-23,14.202977180480957
2011-08-24,13.954622268676758
2011-08-25,13.737312316894531
2011-08-26,14.102086067199707
2011-08-29,14.536709785461426
2011-08-30,14.660892486572266
2011-08-31,15.0489501953125
2011-09-01,15.16537094116211
2011-09-02,15.157607078552246
2011-09-06,15.095521926879883
2011-09-07,16.003576278686523
2011-09-08,15.76297664642334
2011-09-09,15.40596866607666
2011-09-12,15.522383689880371
2011-09-13,15.599994659423828
2011-09-14,15.421491622924805
2011-09-15,15.382678985595703
2011-09-16,14.69969654083252
2011-09-19,15.429247856140137
2011-09-20,15.118802070617676
2011-09-21,14.397010803222656
2011-09-22,13.915816307067871
2011-09-23,14.055517196655273
2011-09-26,14.03223705291748
2011-09-27,14.202977180480957
2011-09-28,13.908058166503906
2011-09-29,13.892533302307129
2011-09-30,13.38805866241455
2011-10-03,13.310441017150879
2011-10-04,13.279401779174805
2011-10-05,13.372530937194824
2011-10-06,13.613130569458008
2011-10-07,13.51223373413086
2011-10-10,13.7838773727417
2011-10-11,13.605368614196777
2011-10-12,13.651935577392578
2011-10-13,13.597610473632812
2011-10-14,13.667459487915039
2011-10-17,13.333728790283203
2011-10-18,13.877010345458984
2011-10-19,13.7295503616333
2011-10-20,13.473430633544922
2011-10-21,13.923575401306152
2011-10-24,13.931341171264648
2011-10-25,13.582088470458984
2011-10-26,13.814918518066406
2011-10-27,14.311637878417969
2011-10-28,14.459102630615234
2011-10-31,14.187458992004395
2011-11-01,13.706263542175293
2011-11-02,13.706263542175293
2011-11-03,13.791638374328613
2011-11-04,13.628653526306152
2011-11-07,13.566560745239258
2011-11-08,13.5355224609375
2011-11-09,13.20954704284668
2011-11-10,13.380294799804688
2011-11-11,13.411341667175293
2011-11-14,12.91462230682373
2011-11-15,12.604174613952637
2011-11-16,12.658506393432617
2011-11-17,12.402383804321289
2011-11-18,12.340296745300293
2011-11-21,11.95223617553711
2011-11-22,12.045370101928711
2011-11-23,12.029848098754883
2011-11-25,12.006566047668457
2011-11-28,12.1229829788208
2011-11-29,12.130743026733398
2011-11-30,12.472233772277832
2011-12-01,12.293729782104492
2011-12-02,12.448951721191406
2011-12-05,12.837015151977539
2011-12-06,12.674022674560547
2011-12-07,12.604174613952637
2011-12-08,12.1229829788208
2011-12-09,12.192831039428711
2011-12-12,11.936713218688965
2011-12-13,11.928951263427734
2011-12-14,11.928951263427734
2011-12-15,11.890144348144531
2011-12-16,12.1773099899292
2011-12-19,12.1229829788208
2011-12-20,12.348055839538574
2011-12-21,12.231637954711914
2011-12-22,11.998801231384277
2011-12-23,11.789371490478516
2011-12-27,11.397176742553711
2011-12-28,11.271674156188965
2011-12-29,11.248143196105957
2011-12-30,11.412864685058594
2012-01-03,11.569742202758789
2012-01-04,11.44424057006836
2012-01-05,11.232453346252441
2012-01-06,11.29520320892334
2012-01-09,11.452083587646484
2012-01-10,11.710932731628418
2012-01-11,11.718775749206543
2012-01-12,11.907028198242188
2012-01-13,11.891341209411621
2012-01-17,12.142346382141113
2012-01-18,12.503164291381836
2012-01-19,12.707107543945312
2012-01-20,12.824766159057617
2012-01-23,12.824766159057617
2012-01-24,12.707107543945312
2012-01-25,12.934578895568848
2012-01-26,12.911044120788574
2012-01-27,13.05223560333252
2012-01-30,13.169896125793457
2012-01-31,13.413057327270508
2012-02-01,13.491497039794922
2012-02-02,13.969972610473633
2012-02-03,14.064098358154297
2012-02-06,13.899375915527344
2012-02-07,13.938596725463867
2012-02-08,14.166069984436035
2012-02-09,14.10331916809082
2012-02-10,13.750343322753906
2012-02-13,13.522871017456055
2012-02-14,13.601308822631836
2012-02-15,13.467966079711914
2012-02-16,13.797407150268555
2012-02-17,13.907221794128418
2012-02-21,14.315105438232422
2012-02-22,14.550421714782715
2012-02-23,14.958300590515137
2012-02-24,15.43678092956543
2012-02-27,15.679941177368164
2012-02-28,15.326967239379883
2012-02-29,15.028900146484375
2012-03-01,15.444623947143555
2012-03-02,15.844666481018066
2012-03-05,16.36236000061035
2012-03-06,15.428936004638672
2012-03-07,15.69563102722168
2012-03-08,15.69563102722168
2012-03-09,15.797597885131836
2012-03-12,15.444623947143555
2012-03-13,15.43678092956543
2012-03-14,15.01321029663086
2012-03-15,15.978011131286621
2012-03-16,15.69563102722168
2012-03-19,15.625035285949707
2012-03-20,15.483843803405762
2012-03-21,15.58581256866455
2012-03-22,15.523063659667969
2012-03-23,15.601503372192383
2012-03-26,15.797597885131836
2012-03-27,15.319120407104492
2012-03-28,15.193621635437012
2012-03-29,14.919087409973145
2012-03-30,15.01321029663086
2012-04-02,15.287745475769043
2012-04-03,15.319120407104492
2012-04-04,15.005363464355469
2012-04-05,15.279899597167969
2012-04-09,15.115180969238281
2012-04-10,14.856330871582031
2012-04-11,15.593659400939941
2012-04-12,16.158422470092773
2012-04-13,15.836820602416992
2012-04-16,16.127042770385742
2012-04-17,16.589834213256836
2012-04-18,16.338830947875977
2012-04-19,15.9074125289917
2012-04-20,15.82113265991211
2012-04-23,15.703474998474121
2012-04-24,15.93094539642334
2012-04-25,16.1662654876709
2012-04-26,16.079980850219727
2012-04-27,16.291765213012695
2012-04-30,16.370203018188477
2012-05-01,16.58199119567871
2012-05-02,16.26823616027832
2012-05-03,16.095670700073242
2012-05-04,15.94663143157959
2012-05-07,16.503551483154297
2012-05-08,16.511394500732422
2012-05-09,16.550615310668945
2012-05-10,16.574142456054688
2012-05-11,16.032917022705078
2012-05-14,15.326967239379883
2012-05-15,14.65239429473877
2012-05-16,14.558260917663574
2012-05-17,14.252354621887207
2012-05-18,14.10331916809082
2012-05-21,14.770051956176758
2012-05-22,14.605326652526855
2012-05-23,14.213136672973633
2012-05-24,14.166069984436035
2012-05-25,14.5347318649292
2012-05-29,14.762205123901367
2012-05-30,14.471982955932617
2012-05-31,14.236666679382324
2012-06-01,13.946442604064941
2012-06-04,13.695435523986816
2012-06-05,13.899375915527344
2012-06-06,14.37785530090332
2012-06-07,14.573949813842773
2012-06-08,14.52688980102539
2012-06-11,14.362165451049805
2012-06-12,14.370013236999512
2012-06-13,14.236666679382324
2012-06-14,14.27588939666748
2012-06-15,14.589641571044922
2012-06-18,14.660239219665527
2012-06-19,14.832804679870605
2012-06-20,14.75436019897461
2012-06-21,14.315105438232422
2012-06-22,14.471982955932617
2012-06-25,14.071943283081055
2012-06-26,14.079790115356445
2012-06-27,13.985662460327148
2012-06-28,13.860157012939453
2012-06-29,14.409231185913086
2012-07-02,14.20528793334961
2012-07-03,14.20528793334961
2012-07-05,13.883691787719727
2012-07-06,13.77387523651123
2012-07-09,13.632686614990234
2012-07-10,13.420903205871582
2012-07-11,13.648372650146484
2012-07-12,13.695435523986816
2012-07-13,14.20528793334961
2012-07-16,13.836630821228027
2012-07-17,14.315105438232422
2012-07-18,14.244508743286133
2012-07-19,14.581795692443848
2012-07-20,14.18175983428955
2012-07-23,14.064098358154297
2012-07-24,13.758188247680664
2012-07-25,13.797407150268555
2012-07-26,13.922908782958984
2012-07-27,14.040569305419922
2012-07-30,13.969972610473633
2012-07-31,13.844472885131836
2012-08-01,13.820938110351562
2012-08-02,13.7111234664917
2012-08-03,14.111160278320312
2012-08-06,14.079790115356445
2012-08-07,14.087627410888672
2012-08-08,14.126851081848145
2012-08-09,14.197444915771484
2012-08-10,14.142539024353027
2012-08-13,14.056255340576172
2012-08-14,14.079790115356445
2012-08-15,14.268040657043457
2012-08-16,14.27588939666748
2012-08-17,14.2601957321167
2012-08-20,14.338635444641113
2012-08-21,13.883691787719727
2012-08-22,13.742501258850098
2012-08-23,12.879673957824707
2012-08-24,13.303239822387695
2012-08-27,12.926735877990723
2012-08-28,13.036550521850586
2012-08-29,13.209112167358398
2012-08-30,13.209112167358398
2012-08-31,13.373839378356934
2012-09-04,13.522871017456055
2012-09-05,13.209112167358398
2012-09-06,13.334620475769043
2012-09-07,13.279712677001953
2012-09-10,12.942422866821289
2012-09-11,12.667886734008789
2012-09-12,12.691418647766113
2012-09-13,12.958109855651855
2012-09-14,13.216958045959473
2012-09-17,13.232647895812988
2012-09-18,12.911044120788574
2012-09-19,12.918889999389648
2012-09-20,12.660040855407715
2012-09-21,12.926735877990723
2012-09-24,12.707107543945312
2012-09-25,12.416881561279297
2012-09-26,12.589447975158691
2012-09-27,12.691418647766113
2012-09-28,12.589447975158691
2012-10-01,12.534538269042969
2012-10-02,12.36197566986084
2012-10-03,12.534538269042969
2012-10-04,12.479632377624512
2012-10-05,12.511009216308594
2012-10-08,12.605135917663574
2012-10-09,12.589447975158691
2012-10-10,12.573761940002441
2012-10-11,12.824766159057617
2012-10-12,12.746326446533203
2012-10-15,12.8404541015625
2012-10-16,13.256179809570312
2012-10-17,13.177740097045898
2012-10-18,13.13067626953125
2012-10-19,12.85614013671875
2012-10-22,12.89535903930664
2012-10-23,12.762015342712402
2012-10-24,12.605135917663574
2012-10-25,12.628667831420898
2012-10-26,12.62082290649414
2012-10-31,12.36197566986084
2012-11-01,12.597290992736816
2012-11-02,12.2913818359375
2012-11-05,12.19725513458252
2012-11-06,12.158035278320312
2012-11-07,12.158035278320312
2012-11-08,12.307066917419434
2012-11-09,12.518855094909668
2012-11-12,12.511009216308594
2012-11-13,12.416881561279297
2012-11-14,12.189408302307129
2012-11-15,12.228630065917969
2012-11-16,12.36197566986084
2012-11-19,12.330601692199707
2012-11-20,12.283535957336426
2012-11-21,12.267849922180176
2012-11-23,12.36197566986084
2012-11-26,12.19725513458252
2012-11-27,12.158035278320312
2012-11-28,12.16588020324707
2012-11-29,12.2913818359375
2012-11-30,12.228630065917969
2012-12-03,12.283535957336426
2012-12-04,12.401193618774414
2012-12-05,12.612979888916016
2012-12-06,12.644356727600098
2012-12-07,12.863984107971191
2012-12-10,12.934578895568848
2012-12-11,13.09145736694336
2012-12-12,13.201274871826172
2012-12-13,13.02086067199707
2012-12-14,13.099302291870117
2012-12-17,13.318926811218262
2012-12-18,13.334620475769043
2012-12-19,13.318926811218262
2012-12-20,13.68759536743164
2012-12-21,13.530717849731445
2012-12-24,13.864917755126953
2012-12-26,13.888957977294922
2012-12-27,13.77675724029541
2012-12-28,13.864917755126953
2012-12-31,14.425928115844727
2013-01-02,15.187294960021973
2013-01-03,14.914804458618164
2013-01-04,15.355595588684082
2013-01-07,15.740285873413086
2013-01-08,16.076889038085938
2013-01-09,15.996747016906738
2013-01-10,16.718042373657227
2013-01-11,15.86851978302002
2013-01-14,15.884540557861328
2013-01-15,15.95667552947998
2013-01-16,16.317325592041016
2013-01-17,16.37342071533203
2013-01-18,16.213136672973633
2013-01-22,15.932631492614746
2013-01-23,15.804397583007812
2013-01-24,16.068880081176758
2013-01-25,16.661937713623047
2013-01-28,17.198909759521484
2013-01-29,17.535511016845703
2013-01-30,17.936229705810547
2013-01-31,17.15082359313965
2013-02-01,17.64771270751953
2013-02-04,18.393051147460938
2013-02-05,18.072477340698242
2013-02-06,18.256807327270508
2013-02-07,17.8560848236084
2013-02-08,18.401063919067383
2013-02-11,18.89796257019043
2013-02-12,18.769725799560547
2013-02-13,18.673555374145508
2013-02-14,18.54532814025879
2013-02-15,18.64951515197754
2013-02-19,18.473194122314453
2013-02-20,18.360992431640625
2013-02-21,16.95046043395996
2013-02-22,17.206920623779297
2013-02-25,17.15082359313965
2013-02-26,16.405481338500977
2013-02-27,17.086706161499023
2013-02-28,17.17486572265625
2013-03-01,16.750099182128906
2013-03-04,15.852489471435547
2013-03-05,16.04483413696289
2013-03-06,16.549739837646484
2013-03-07,16.52569580078125
2013-03-08,16.77414321899414
2013-03-11,17.022592544555664
2013-03-12,16.838258743286133
2013-03-13,16.485626220703125
2013-03-14,16.37342071533203
2013-03-15,16.52569580078125
2013-03-18,16.67797088623047
2013-03-19,16.421512603759766
2013-03-20,16.750099182128906
2013-03-21,16.750099182128906
2013-03-22,16.565771102905273
2013-03-25,16.589815139770508
2013-03-26,16.661937713623047
2013-03-27,16.49363899230957
2013-03-28,16.357397079467773
2013-04-01,16.477609634399414
2013-04-02,16.718042373657227
2013-04-03,16.421512603759766
2013-04-04,16.413496017456055
2013-04-05,16.389453887939453
2013-04-08,16.50967025756836
2013-04-09,16.141002655029297
2013-04-10,16.012775421142578
2013-04-11,16.18107795715332
2013-04-12,16.10093116760254
2013-04-15,15.059062004089355
2013-04-16,15.355595588684082
2013-04-17,15.099133491516113
2013-04-18,14.714438438415527
2013-04-19,14.994945526123047
2013-04-22,14.666354179382324
2013-04-23,15.01097297668457
2013-04-24,15.01097297668457
2013-04-25,15.17126178741455
2013-04-26,15.435738563537598
2013-04-29,15.507866859436035
2013-04-30,15.636099815368652
2013-05-01,15.555956840515137
2013-05-02,15.32353687286377
2013-05-03,15.451765060424805
2013-05-06,16.076889038085938
2013-05-07,16.381437301635742
2013-05-08,16.277250289916992
2013-05-09,16.32533836364746
2013-05-10,16.28526496887207
2013-05-13,16.245197296142578
2013-05-14,16.157032012939453
2013-05-15,16.277250289916992
2013-05-16,16.253206253051758
2013-05-17,16.34136390686035
2013-05-20,16.645912170410156
2013-05-21,16.68598175048828
2013-05-22,16.67797088623047
2013-05-23,16.22916603088379
2013-05-24,16.645912170410156
2013-05-28,17.12677764892578
2013-05-29,16.85428810119629
2013-05-30,17.182876586914062
2013-05-31,16.92641830444336
2013-06-03,16.91840362548828
2013-06-04,16.70201301574707
2013-06-05,16.33334732055664
2013-06-06,16.694000244140625
2013-06-07,17.222949981689453
2013-06-10,16.846277236938477
2013-06-11,16.34136390686035
2013-06-12,16.22115135192871
2013-06-13,16.429523468017578
2013-06-14,16.245197296142578
2013-06-17,16.060861587524414
2013-06-18,16.076889038085938
2013-06-19,15.716245651245117
2013-06-20,15.195305824279785
2013-06-21,15.34758186340332
2013-06-24,15.00295639038086
2013-06-25,14.666354179382324
2013-06-26,14.786572456359863
2013-06-27,15.123174667358398
2013-06-28,14.90678882598877
2013-07-01,15.235380172729492
2013-07-02,15.179276466369629
2013-07-03,15.139206886291504
2013-07-05,14.810613632202148
2013-07-08,14.546141624450684
2013-07-09,14.754511833190918
2013-07-10,14.722456932067871
2013-07-11,15.035018920898438
2013-07-12,15.211334228515625
2013-07-15,15.195305824279785
2013-07-16,15.187294960021973
2013-07-17,15.371622085571289
2013-07-18,15.411694526672363
2013-07-19,15.491839408874512
2013-07-22,15.459782600402832
2013-07-23,15.411694526672363
2013-07-24,15.13119125366211
2013-07-25,14.986932754516602
2013-07-26,14.914804458618164
2013-07-29,14.562170028686523
2013-07-30,14.642313003540039
2013-07-31,15.02700138092041
2013-08-01,15.099133491516113
2013-08-02,15.075088500976562
2013-08-05,14.978920936584473
2013-08-06,14.850685119628906
2013-08-07,14.786572456359863
2013-08-08,14.834660530090332
2013-08-09,14.754511833190918
2013-08-12,14.810613632202148
2013-08-13,14.786572456359863
2013-08-14,14.922815322875977
2013-08-15,14.866716384887695
2013-08-16,14.778559684753418
2013-08-19,14.850685119628906
2013-08-20,14.618266105651855
2013-08-21,14.31372356414795
2013-08-22,14.401876449584961
2013-08-23,14.249608039855957
2013-08-26,14.201517105102539
2013-08-27,13.744697570800781
2013-08-28,13.71264362335205
2013-08-29,13.648528099060059
2013-08-30,13.824846267700195
2013-09-03,13.784772872924805
2013-09-04,13.848888397216797
2013-09-05,14.081305503845215
2013-09-06,14.193504333496094
2013-09-09,14.289679527282715
2013-09-10,14.433937072753906
2013-09-11,14.602238655090332
2013-09-12,14.449967384338379
2013-09-13,14.58621597290039
2013-09-16,14.433937072753906
2013-09-17,14.345780372619629
2013-09-18,14.58621597290039
2013-09-19,14.562170028686523
2013-09-20,14.538126945495605
2013-09-23,14.58621597290039
2013-09-24,14.610251426696777
2013-09-25,14.698417663574219
2013-09-26,14.618266105651855
2013-09-27,14.482024192810059
2013-09-30,14.353793144226074
2013-10-01,14.554152488708496
2013-10-02,14.706427574157715
2013-10-03,14.602238655090332
2013-10-04,14.898772239685059
2013-10-07,14.986932754516602
2013-10-08,14.882743835449219
2013-10-09,15.02700138092041
2013-10-10,15.115164756774902
2013-10-11,15.075088500976562
2013-10-14,15.075088500976562
2013-10-15,15.01097297668457
2013-10-16,15.331547737121582
2013-10-17,15.395663261413574
2013-10-18,15.491839408874512
2013-10-21,15.507866859436035
2013-10-22,15.459782600402832
2013-10-23,15.339563369750977
2013-10-24,15.307509422302246
2013-10-25,15.435738563537598
2013-10-28,15.227363586425781
2013-10-29,15.259418487548828
2013-10-30,15.099133491516113
2013-10-31,15.211334228515625
2013-11-01,15.091120719909668
2013-11-04,15.267438888549805
2013-11-05,15.235380172729492
2013-11-06,15.339563369750977
2013-11-07,15.17126178741455
2013-11-08,15.091120719909668
2013-11-11,15.051047325134277
2013-11-12,14.978920936584473
2013-11-13,15.091120719909668
2013-11-14,15.275449752807617
2013-11-15,15.539925575256348
2013-11-18,15.764328002929688
2013-11-19,15.700212478637695
2013-11-20,15.523898124694824
2013-11-21,15.539925575256348
2013-11-22,15.636099815368652
2013-11-25,15.596027374267578
2013-11-26,15.692201614379883
2013-11-27,15.684183120727539
2013-11-29,15.692201614379883
2013-12-02,15.515883445739746
2013-12-03,15.555956840515137
2013-12-04,15.67617130279541
2013-12-05,15.604039192199707
2013-12-06,15.700212478637695
2013-12-09,15.748300552368164
2013-12-10,15.724254608154297
2013-12-11,15.139206886291504
2013-12-12,15.235380172729492
2013-12-13,15.195305824279785
2013-12-16,15.083102226257324
2013-12-17,15.147221565246582
2013-12-18,15.299491882324219
2013-12-19,15.259418487548828
2013-12-20,15.227363586425781
2013-12-23,15.334115028381348
2013-12-24,15.34239387512207
2013-12-26,15.4168701171875
2013-12-27,15.334115028381348
2013-12-30,15.408594131469727
2013-12-31,15.549273490905762
2014-01-02,15.375492095947266
2014-01-03,15.334115028381348
2014-01-06,15.350663185119629
2014-01-07,15.665122985839844
2014-01-08,15.656850814819336
2014-01-09,15.797531127929688
2014-01-10,15.971311569213867
2014-01-13,15.88856315612793
2014-01-14,16.178190231323242
2014-01-15,16.38507843017578
2014-01-16,17.17123031616211
2014-01-17,17.7918758392334
2014-01-21,17.758773803710938
2014-01-22,17.460866928100586
2014-01-23,17.31191062927246
2014-01-24,16.840221405029297
2014-01-27,16.98917007446289
2014-01-28,17.30363655090332
2014-01-29,17.17950439453125
2014-01-30,17.63465118408203
2014-01-31,17.436038970947266
2014-02-03,17.29535484313965
2014-02-04,17.469141006469727
2014-02-05,17.56016731262207
2014-02-06,17.17950439453125
2014-02-07,17.17123031616211
2014-02-10,17.95738410949707
2014-02-11,18.247018814086914
2014-02-12,18.55320167541504
2014-02-13,18.909038543701172
2014-02-14,18.404253005981445
2014-02-18,18.66077995300293
2014-02-19,18.578031539916992
2014-02-20,18.23046875
2014-02-21,17.99875831604004
2014-02-24,18.22219467163086
2014-02-25,18.189090728759766
2014-02-26,18.23874282836914
2014-02-27,18.13943862915039
2014-02-28,18.089786529541016
2014-03-03,17.502241134643555
2014-03-04,17.800151824951172
2014-03-05,17.5187931060791
2014-03-06,17.77532386779785
2014-03-07,18.056686401367188
2014-03-10,18.304943084716797
2014-03-11,18.395973205566406
2014-03-12,18.23046875
2014-03-13,18.155990600585938
2014-03-14,18.19736671447754
2014-03-17,18.29667091369629
2014-03-18,18.247018814086914
2014-03-19,18.17254066467285
2014-03-20,18.122888565063477
2014-03-21,18.098060607910156
2014-03-24,18.255292892456055
2014-03-25,17.982208251953125
2014-03-26,17.469141006469727
2014-03-27,17.70084571838379
2014-03-28,17.95738410949707
2014-03-31,17.94911003112793
2014-04-01,17.63465118408203
2014-04-02,17.97393035888672
2014-04-03,17.659473419189453
2014-04-04,17.824981689453125
2014-04-07,18.354597091674805
2014-04-08,18.19736671447754
2014-04-09,18.36287498474121
2014-04-10,17.874631881713867
2014-04-11,17.924280166625977
2014-04-14,17.783601760864258
2014-04-15,17.16295623779297
2014-04-16,16.82366371154785
2014-04-17,17.129850387573242
2014-04-21,16.608509063720703
2014-04-22,16.774015426635742
2014-04-23,16.608509063720703
2014-04-24,16.443008422851562
2014-04-25,16.71608543395996
2014-04-28,16.625059127807617
2014-04-29,16.60023307800293
2014-04-30,16.616785049438477
2014-05-01,16.376802444458008
2014-05-02,16.434730529785156
2014-05-05,16.219572067260742
2014-05-06,15.896832466125488
2014-05-07,16.037511825561523
2014-05-08,15.375492095947266
2014-05-09,15.764429092407227
2014-05-12,15.896832466125488
2014-05-13,15.880287170410156
2014-05-14,16.294050216674805
2014-05-15,15.905112266540527
2014-05-16,15.987859725952148
2014-05-19,16.327150344848633
2014-05-20,16.269224166870117
2014-05-21,16.699541091918945
2014-05-22,16.575407028198242
2014-05-23,16.616785049438477
2014-05-27,16.95607566833496
2014-05-28,17.071929931640625
2014-05-29,16.774015426635742
2014-05-30,16.774015426635742
2014-06-02,16.798839569091797
2014-06-03,16.922971725463867
2014-06-04,16.59195899963379
2014-06-05,16.774015426635742
2014-06-06,17.187782287597656
2014-06-09,17.220882415771484
2014-06-10,17.113304138183594
2014-06-11,17.14640235900879
2014-06-12,17.129850387573242
2014-06-13,17.22915267944336
2014-06-16,17.320188522338867
2014-06-17,17.196054458618164
2014-06-18,17.460866928100586
2014-06-19,17.17950439453125
2014-06-20,16.682985305786133
2014-06-23,16.87331771850586
2014-06-24,17.00572395324707
2014-06-25,17.06365203857422
2014-06-26,17.10502815246582
2014-06-27,17.187782287597656
2014-06-30,17.212610244750977
2014-07-01,17.328460693359375
2014-07-02,17.320188522338867
2014-07-03,17.402936935424805
2014-07-07,17.74222755432129
2014-07-08,17.733951568603516
2014-07-09,17.733951568603516
2014-07-10,17.427766799926758
2014-07-11,17.54361915588379
2014-07-14,17.64292335510254
2014-07-15,17.75050163269043
2014-07-16,17.891178131103516
2014-07-17,17.783601760864258
2014-07-18,17.899457931518555
2014-07-21,17.783601760864258
2014-07-22,17.93255615234375
2014-07-23,18.180814743041992
2014-07-24,18.06496238708496
2014-07-25,18.015310287475586
2014-07-28,17.70084571838379
2014-07-29,17.676023483276367
2014-07-30,17.502241134643555
2014-07-31,17.320188522338867
2014-08-01,17.41121482849121
2014-08-04,17.667749404907227
2014-08-05,17.70084571838379
2014-08-06,17.77532386779785
2014-08-07,17.61809730529785
2014-08-08,17.667749404907227
2014-08-11,17.5932674407959
2014-08-12,17.667749404907227
2014-08-13,17.940834045410156
2014-08-14,18.147716522216797
2014-08-15,18.023584365844727
2014-08-18,18.2718448638916
2014-08-19,18.180814743041992
2014-08-20,18.189090728759766
2014-08-21,18.23874282836914
2014-08-22,18.486997604370117
2014-08-25,18.76836395263672
2014-08-26,18.909038543701172
2014-08-27,18.933868408203125
2014-08-28,18.925596237182617
2014-08-29,19.115921020507812
2014-09-02,19.240055084228516
2014-09-03,19.5793399810791
2014-09-04,19.42210578918457
2014-09-05,19.43038558959961
2014-09-08,19.45521354675293
2014-09-09,18.925596237182617
2014-09-10,18.97524642944336
2014-09-11,18.875940322875977
2014-09-12,18.917314529418945
2014-09-15,18.88421630859375
2014-09-16,18.966968536376953
2014-09-17,18.9421443939209
2014-09-18,18.67733383178711
2014-09-19,18.495277404785156
2014-09-22,18.44562530517578
2014-09-23,18.486997604370117
2014-09-24,18.59457778930664
2014-09-25,18.387697219848633
2014-09-26,18.36287498474121
2014-09-29,18.114612579345703
2014-09-30,18.122888565063477
2014-10-01,18.23874282836914
2014-10-02,18.55320167541504
2014-10-03,18.561481475830078
2014-10-06,18.5863037109375
2014-10-07,18.321495056152344
2014-10-08,18.354597091674805
2014-10-09,18.19736671447754
2014-10-10,17.74222755432129
2014-10-13,17.733951568603516
2014-10-14,17.733951568603516
2014-10-15,17.5187931060791
2014-10-16,17.071929931640625
2014-10-17,17.253982543945312
2014-10-20,17.2374324798584
2014-10-21,17.53534698486328
2014-10-22,17.551889419555664
2014-10-23,17.48569107055664
2014-10-24,17.469141006469727
2014-10-27,17.047103881835938
2014-10-28,17.212610244750977
2014-10-29,17.29535484313965
2014-10-30,17.41949462890625
2014-10-31,17.68429946899414
2014-11-03,17.841527938842773
2014-11-04,17.584991455078125
2014-11-05,17.551889419555664
2014-11-06,17.676023483276367
2014-11-07,17.659473419189453
2014-11-10,17.460866928100586
2014-11-11,17.436038970947266
2014-11-12,17.584991455078125
2014-11-13,17.41121482849121
2014-11-14,17.469141006469727
2014-11-17,17.667749404907227
2014-11-18,17.427766799926758
2014-11-19,17.27053451538086
2014-11-20,17.41121482849121
2014-11-21,17.502241134643555
2014-11-24,17.336734771728516
2014-11-25,17.328460693359375
2014-11-26,17.17123031616211
2014-11-28,16.914695739746094
2014-12-01,16.89814567565918
2014-12-02,16.97262191772461
2014-12-03,16.980897903442383
2014-12-04,16.798839569091797
2014-12-05,17.02227783203125
2014-12-08,16.682985305786133
2014-12-09,16.219572067260742
2014-12-10,16.219572067260742
2014-12-11,16.227848052978516
2014-12-12,16.16164207458496
2014-12-15,15.880287170410156
2014-12-16,15.49134635925293
2014-12-17,15.34239387512207
2014-12-18,15.805807113647461
2014-12-19,15.474794387817383
2014-12-22,15.738521575927734
2014-12-23,15.849119186401367
2014-12-24,15.81508731842041
2014-12-26,15.755537986755371
2014-12-29,15.712997436523438
2014-12-30,16.05329132080078
2014-12-31,16.35104751586914
2015-01-02,16.155376434326172
2015-01-05,15.849119186401367
2015-01-06,16.070308685302734
2015-01-07,16.02777099609375
2015-01-08,16.04478645324707
2015-01-09,16.155376434326172
2015-01-12,16.036279678344727
2015-01-13,15.959712028503418
2015-01-14,15.832099914550781
2015-01-15,15.849119186401367
2015-01-16,16.04478645324707
2015-01-20,15.832099914550781
2015-01-21,15.627928733825684
2015-01-22,15.891654014587402
2015-01-23,15.866131782531738
2015-01-26,15.908670425415039
2015-01-27,15.59389877319336
2015-01-28,15.636435508728027
2015-01-29,15.695985794067383
2015-01-30,15.559870719909668
2015-02-02,15.678969383239746
2015-02-03,15.525837898254395
2015-02-04,15.576883316040039
2015-02-05,16.078813552856445
2015-02-06,16.019264221191406
2015-02-09,16.095827102661133
2015-02-10,16.019264221191406
2015-02-11,16.34253692626953
2015-02-12,16.648801803588867
2015-02-13,16.614778518676758
2015-02-17,16.818950653076172
2015-02-18,16.66581916809082
2015-02-19,16.58074378967285
2015-02-20,16.708354949951172
2015-02-23,16.63178825378418
2015-02-24,16.861482620239258
2015-02-25,16.69133949279785
2015-02-26,16.733877182006836
2015-02-27,16.69985008239746
2015-03-02,16.334033966064453
2015-03-03,16.38507652282715
2015-03-04,16.112842559814453
2015-03-05,16.129854202270508
2015-03-06,15.959712028503418
2015-03-09,15.976729393005371
2015-03-10,15.772551536560059
2015-03-11,15.781055450439453
2015-03-12,15.704490661621094
2015-03-13,15.576883316040039
2015-03-16,15.28763198852539
2015-03-17,15.185547828674316
2015-03-18,15.296137809753418
2015-03-19,14.845255851745605
2015-03-20,15.032414436340332
2015-03-23,14.98137378692627
2015-03-24,14.675108909606934
2015-03-25,14.521976470947266
2015-03-26,14.564515113830566
2015-03-27,14.547497749328613
2015-03-30,14.377352714538574
2015-03-31,14.36033821105957
2015-04-01,14.207205772399902
2015-04-02,14.181683540344238
2015-04-06,14.113625526428223
2015-04-07,14.258251190185547
2015-04-08,14.419886589050293
2015-04-09,14.624062538146973
2015-04-10,14.760183334350586
2015-04-13,14.802716255187988
2015-04-14,15.049432754516602
2015-04-15,15.610912322998047
2015-04-16,15.678969383239746
2015-04-17,15.500316619873047
2015-04-20,15.46628475189209
2015-04-21,15.33016586303711
2015-04-22,15.568374633789062
2015-04-23,15.525837898254395
2015-04-24,15.551360130310059
2015-04-27,15.661955833435059
2015-04-28,15.653449058532715
2015-04-29,15.500316619873047
2015-04-30,15.338680267333984
2015-05-01,15.415246963500977
2015-05-04,14.811223983764648
2015-05-05,14.709137916564941
2015-05-06,14.57302188873291
2015-05-07,14.692122459411621
2015-05-08,14.726152420043945
2015-05-11,14.487947463989258
2015-05-12,14.556007385253906
2015-05-13,14.615556716918945
2015-05-14,14.53899097442627
2015-05-15,14.43690013885498
2015-05-18,14.164670944213867
2015-05-19,14.164670944213867
2015-05-20,14.581526756286621
2015-05-21,15.049432754516602
2015-05-22,15.108981132507324
2015-05-26,15.100475311279297
2015-05-27,15.194056510925293
2015-05-28,15.108981132507324
2015-05-29,15.049432754516602
2015-06-01,15.006896018981934
2015-06-02,14.930331230163574
2015-06-03,14.777195930480957
2015-06-04,14.74316692352295
2015-06-05,14.964357376098633
2015-06-08,15.091965675354004
2015-06-09,14.947341918945312
2015-06-10,15.040923118591309
2015-06-11,15.355693817138672
2015-06-12,15.440766334533691
2015-06-15,15.457781791687012
2015-06-16,15.457781791687012
2015-06-17,15.381217002868652
2015-06-18,15.59389877319336
2015-06-19,15.321662902832031
2015-06-22,15.644940376281738
2015-06-23,15.576883316040039
2015-06-24,15.423749923706055
2015-06-25,15.39822769165039
2015-06-26,15.39822769165039
2015-06-29,15.61941909790039
2015-06-30,15.857622146606445
2015-07-01,15.976729393005371
2015-07-02,16.27448081970215
2015-07-06,16.589250564575195
2015-07-07,16.24896240234375
2015-07-08,15.874640464782715
2015-07-09,16.112842559814453
2015-07-10,16.197912216186523
2015-07-13,16.29149627685547
2015-07-14,16.66581916809082
2015-07-15,16.334033966064453
2015-07-16,16.317014694213867
2015-07-17,16.308513641357422
2015-07-20,16.146869659423828
2015-07-21,15.942697525024414
2015-07-22,15.874640464782715
2015-07-23,15.993742942810059
2015-07-24,15.942697525024414
2015-07-27,15.857622146606445
2015-07-28,15.755537986755371
2015-07-29,15.67046070098877
2015-07-30,15.73001480102539
2015-07-31,15.627928733825684
2015-08-03,15.27912425994873
2015-08-04,15.108981132507324
2015-08-05,15.31315803527832
2015-08-06,15.091965675354004
2015-08-07,15.219574928283691
2015-08-10,15.423749923706055
2015-08-11,15.245100021362305
2015-08-12,14.921821594238281
2015-08-13,14.632572174072266
2015-08-14,14.590032577514648
2015-08-17,14.411381721496582
2015-08-18,14.547497749328613
2015-08-19,14.113625526428223
2015-08-20,13.82437801361084
2015-08-21,13.271401405334473
2015-08-24,12.190975189208984
2015-08-25,12.420671463012695
2015-08-26,13.160808563232422
2015-08-27,13.59467887878418
2015-08-28,14.028553009033203
2015-08-31,13.849900245666504
2015-09-01,13.3905029296875
2015-09-02,13.662737846374512
2015-09-03,13.254388809204102
2015-09-04,13.177821159362793
2015-09-08,13.603185653686523
2015-09-09,13.51811408996582
2015-09-10,13.645722389221191
2015-09-11,13.5436372756958
2015-09-14,13.228866577148438
2015-09-15,13.237371444702148
2015-09-16,13.484085083007812
2015-09-17,13.475578308105469
2015-09-18,13.313939094543457
2015-09-21,13.628710746765137
2015-09-22,13.458560943603516
2015-09-23,13.364982604980469
2015-09-24,13.492591857910156
2015-09-25,13.313939094543457
2015-09-28,13.050211906433105
2015-09-29,13.143792152404785
2015-09-30,13.16931438446045
2015-10-01,13.177821159362793
2015-10-02,13.458560943603516
2015-10-05,13.900943756103516
2015-10-06,14.368842124938965
2015-10-07,14.726152420043945
2015-10-08,14.938837051391602
2015-10-09,15.160021781921387
2015-10-12,14.998384475708008
2015-10-13,14.581526756286621
2015-10-14,14.624062538146973
2015-10-15,14.87077522277832
2015-10-16,14.862265586853027
2015-10-19,14.768688201904297
2015-10-20,14.513469696044922
2015-10-21,14.317803382873535
2015-10-22,14.802716255187988
2015-10-23,14.828239440917969
2015-10-26,14.760183334350586
2015-10-27,14.43690013885498
2015-10-28,14.44540786743164
2015-10-29,14.547497749328613
2015-10-30,14.42839241027832
2015-11-02,14.504962921142578
2015-11-03,14.802716255187988
2015-11-04,14.734659194946289
2015-11-05,14.760183334350586
2015-11-06,14.590032577514648
2015-11-09,14.36033821105957
2015-11-10,14.096611976623535
2015-11-11,14.028553009033203
2015-11-12,13.883928298950195
2015-11-13,13.866910934448242
2015-11-16,14.054072380065918
2015-11-17,14.062580108642578
2015-11-18,14.020047187805176
2015-11-19,13.943479537963867
2015-11-20,13.994524955749512
2015-11-23,13.934968948364258
2015-11-24,13.773333549499512
2015-11-25,13.79885482788086
2015-11-27,13.39901065826416
2015-11-30,13.237371444702148
2015-12-01,13.254388809204102
2015-12-02,13.118270874023438
2015-12-03,13.126778602600098
2015-12-04,13.339460372924805
2015-12-07,12.94812297821045
2015-12-08,13.092748641967773
2015-12-09,12.829023361206055
2015-12-10,12.846037864685059
2015-12-11,12.650368690490723
2015-12-14,12.53977108001709
2015-12-15,12.743947982788086
2015-12-16,12.794990539550781
2015-12-17,12.68439769744873
2015-12-18,12.548280715942383
2015-12-21,12.60023307800293
2015-12-22,12.582622528076172
2015-12-23,12.60023307800293
2015-12-24,12.705892562866211
2015-12-28,12.855583190917969
2015-12-29,13.109108924865723
2015-12-30,13.047271728515625
2015-12-31,13.064939498901367
2016-01-04,13.223945617675781
2016-01-05,13.250445365905762
2016-01-06,12.958934783935547
2016-01-07,12.667426109313965
2016-01-08,12.340582847595215
2016-01-11,12.393583297729492
2016-01-12,12.411251068115234
2016-01-13,12.022570610046387
2016-01-14,12.022570610046387
2016-01-15,11.413050651550293
2016-01-19,11.510220527648926
2016-01-20,11.19221019744873
2016-01-21,11.31588077545166
2016-01-22,11.4572172164917
2016-01-25,11.837063789367676
2016-01-26,11.863566398620605
2016-01-27,11.881233215332031
2016-01-28,11.987236022949219
2016-01-29,12.331748008728027
2016-02-01,12.110907554626465
2016-02-02,11.722228050231934
2016-02-03,12.075572967529297
2016-02-04,12.049072265625
2016-02-05,11.996070861816406
2016-02-08,11.828232765197754
2016-02-09,11.810564994812012
2016-02-10,11.669225692749023
2016-02-11,11.554388999938965
2016-02-12,11.73989486694336
2016-02-16,12.24341106414795
2016-02-17,12.234578132629395
2016-02-18,12.305249214172363
2016-02-19,12.261077880859375
2016-02-22,12.649758338928223
2016-02-23,12.587924003601074
2016-02-24,12.587924003601074
2016-02-25,12.44658374786377
2016-02-26,12.420084953308105
2016-02-29,12.331748008728027
2016-03-01,12.490752220153809
2016-03-02,12.587924003601074
2016-03-03,12.773429870605469
2016-03-04,12.888267517089844
2016-03-07,13.0296049118042
2016-03-08,12.782264709472656
2016-03-09,12.791094779968262
2016-03-10,12.808764457702637
2016-03-11,12.791094779968262
2016-03-14,12.543754577636719
2016-03-15,12.420084953308105
2016-03-16,12.63209342956543
2016-03-17,12.5702543258667
2016-03-18,12.517254829406738
2016-03-21,12.534920692443848
2016-03-22,12.437751770019531
2016-03-23,12.331748008728027
2016-03-24,12.322914123535156
2016-03-28,12.42891788482666
2016-03-29,12.517254829406738
2016-03-30,12.402417182922363
2016-03-31,12.367082595825195
2016-04-01,12.216911315917969
2016-04-04,12.119742393493652
2016-04-05,12.102073669433594
2016-04-06,12.331748008728027
2016-04-07,12.199243545532227
2016-04-08,12.252243995666504
2016-04-11,12.437751770019531
2016-04-12,12.649758338928223
2016-04-13,12.587924003601074
2016-04-14,12.667426109313965
2016-04-15,12.5702543258667
2016-04-18,12.455418586730957
2016-04-19,12.384749412536621
2016-04-20,12.384749412536621
2016-04-21,12.349413871765137
2016-04-22,12.693925857543945
2016-04-25,12.738096237182617
2016-04-26,12.932435035705566
2016-04-27,12.888267517089844
2016-04-28,12.720426559448242
2016-04-29,12.738096237182617
2016-05-02,12.844098091125488
2016-05-03,12.808764457702637
2016-05-04,12.473085403442383
2016-05-05,12.614424705505371
2016-05-06,12.764595985412598
2016-05-09,12.420084953308105
2016-05-10,12.473085403442383
2016-05-11,12.52608871459961
2016-05-12,12.605588912963867
2016-05-13,12.5702543258667
2016-05-16,12.791094779968262
2016-05-17,12.976603507995605
2016-05-18,12.941267013549805
2016-05-19,12.755762100219727
2016-05-20,12.764595985412598
2016-05-23,12.68509292602539
2016-05-24,12.720426559448242
2016-05-25,12.764595985412598
2016-05-26,12.52608871459961
2016-05-27,12.411251068115234
2016-05-31,12.720426559448242
2016-06-01,12.738096237182617
2016-06-02,12.799928665161133
2016-06-03,13.03843879699707
2016-06-06,12.994269371032715
2016-06-07,13.126775741577148
2016-06-08,13.33878231048584
2016-06-09,13.276945114135742
2016-06-10,13.091440200805664
2016-06-13,12.90593433380127
2016-06-14,12.90593433380127
2016-06-15,12.914767265319824
2016-06-16,12.914767265319824
2016-06-17,12.72926139831543
2016-06-20,12.90593433380127
2016-06-21,12.923601150512695
2016-06-22,13.003103256225586
2016-06-23,13.144442558288574
2016-06-24,12.534920692443848
2016-06-27,12.349413871765137
2016-06-28,12.667426109313965
2016-06-29,12.888267517089844
2016-06-30,12.914767265319824
2016-07-01,12.941267013549805
2016-07-05,13.003103256225586
2016-07-06,13.003103256225586
2016-07-07,13.179776191711426
2016-07-08,13.33878231048584
2016-07-11,13.091440200805664
2016-07-12,13.347615242004395
2016-07-13,13.647958755493164
2016-07-14,13.533121109008789
2016-07-15,13.46245288848877
2016-07-18,13.709792137145996
2016-07-19,13.541955947875977
2016-07-20,13.33878231048584
2016-07-21,13.268112182617188
2016-07-22,13.162108421325684
2016-07-25,13.064939498901367
2016-07-26,13.091440200805664
2016-07-27,13.232776641845703
2016-07-28,13.28577995300293
2016-07-29,13.418283462524414
2016-08-01,13.135608673095703
2016-08-02,12.870599746704102
2016-08-03,12.914767265319824
2016-08-04,12.791094779968262
2016-08-05,12.720426559448242
2016-08-08,12.738096237182617
2016-08-09,12.914767265319824
2016-08-10,13.126775741577148
2016-08-11,13.515454292297363
2016-08-12,13.33878231048584
2016-08-15,13.559622764587402
2016-08-16,13.471285820007324
2016-08-17,13.46245288848877
2016-08-18,13.550788879394531
2016-08-19,13.559622764587402
2016-08-22,13.382949829101562
2016-08-23,13.480119705200195
2016-08-24,13.347615242004395
2016-08-25,13.268112182617188
2016-08-26,13.435952186584473
2016-08-29,13.453619003295898
2016-08-30,13.409451484680176
2016-08-31,13.409451484680176
2016-09-01,13.170943260192871
2016-09-02,13.21511173248291
2016-09-06,12.923601150512695
2016-09-07,12.976603507995605
2016-09-08,13.0296049118042
2016-09-09,12.86176586151123
2016-09-12,13.056105613708496
2016-09-13,12.693925857543945
2016-09-14,12.676258087158203
2016-09-15,12.720426559448242
2016-09-16,12.48192024230957
2016-09-19,12.791094779968262
2016-09-20,13.0296049118042
2016-09-21,13.223945617675781
2016-09-22,13.25928020477295
2016-09-23,13.135608673095703
2016-09-26,13.162108421325684
2016-09-27,13.329950332641602
2016-09-28,13.427119255065918
2016-09-29,13.276945114135742
2016-09-30,13.33878231048584
2016-10-03,13.179776191711426
2016-10-04,13.135608673095703
2016-10-05,13.329950332641602
2016-10-06,13.25928020477295
2016-10-07,13.21511173248291
2016-10-10,13.162108421325684
2016-10-11,13.064939498901367
2016-10-12,13.056105613708496
2016-10-13,13.056105613708496
2016-10-14,13.082605361938477
2016-10-17,12.914767265319824
2016-10-18,13.0296049118042
2016-10-19,13.170943260192871
2016-10-20,13.117941856384277
2016-10-21,13.0296049118042
2016-10-24,12.844098091125488
2016-10-25,12.746927261352539
2016-10-26,12.711594581604004
2016-10-27,12.83526611328125
2016-10-28,12.826431274414062
2016-10-31,12.658592224121094
2016-11-01,12.52608871459961
2016-11-02,12.367082595825195
2016-11-03,12.322914123535156
2016-11-04,12.402417182922363
2016-11-07,12.52608871459961
2016-11-08,12.552590370178223
2016-11-09,12.393583297729492
2016-11-10,12.004902839660645
2016-11-11,12.084407806396484
2016-11-14,12.022570610046387
2016-11-15,12.084407806396484
2016-11-16,12.128571510314941
2016-11-17,12.234578132629395
2016-11-18,12.119742393493652
2016-11-21,12.163908004760742
2016-11-22,12.1815767288208
2016-11-23,12.14624309539795
2016-11-25,11.863566398620605
2016-11-28,11.68689250946045
2016-11-29,11.757562637329102
2016-11-30,11.81939697265625
2016-12-01,11.74872875213623
2016-12-02,11.73989486694336
2016-12-05,11.757562637329102
2016-12-06,11.642724990844727
2016-12-07,11.810564994812012
2016-12-08,11.872397422790527
2016-12-09,11.916566848754883
2016-12-12,11.74872875213623
2016-12-13,11.580888748168945
2016-12-14,11.536722183227539
2016-12-15,11.527888298034668
2016-12-16,11.554388999938965
2016-12-19,11.688384056091309
2016-12-20,11.398662567138672
2016-12-21,11.371503829956055
2016-12-22,11.362448692321777
2016-12-23,11.552577018737793
2016-12-27,11.534470558166504
2016-12-28,11.588791847229004
2016-12-29,11.84229850769043
2016-12-30,11.806081771850586
2017-01-03,12.005264282226562
2017-01-04,12.113908767700195
2017-01-05,12.313092231750488
2017-01-06,12.195393562316895
2017-01-09,12.059586524963379
2017-01-10,12.113908767700195
2017-01-11,12.249714851379395
2017-01-12,12.240662574768066
2017-01-13,12.231607437133789
2017-01-17,12.113908767700195
2017-01-18,12.15012264251709
2017-01-19,11.959996223449707
2017-01-20,12.04148006439209
2017-01-23,12.222556114196777
2017-01-24,12.412683486938477
2017-01-25,12.494165420532227
2017-01-26,12.340253829956055
2017-01-27,12.340253829956055
2017-01-30,12.313092231750488
2017-01-31,12.276876449584961
2017-02-01,12.421738624572754
2017-02-02,12.37646770477295
2017-02-03,12.37646770477295
2017-02-06,12.367414474487305
2017-02-07,12.394575119018555
2017-02-08,12.412683486938477
2017-02-09,12.421738624572754
2017-02-10,12.421738624572754
2017-02-13,12.70240306854248
2017-02-14,12.684295654296875
2017-02-15,12.75672435760498
2017-02-16,12.584704399108887
2017-02-17,12.584704399108887
2017-02-21,12.620919227600098
2017-02-22,12.54848861694336
2017-02-23,12.46700382232666
2017-02-24,12.412683486938477
2017-02-27,12.485113143920898
2017-02-28,12.231607437133789
2017-03-01,12.313092231750488
2017-03-02,12.104856491088867
2017-03-03,12.15012264251709
2017-03-06,12.177286148071289
2017-03-07,12.1320161819458
2017-03-08,12.05053424835205
2017-03-09,12.104856491088867
2017-03-10,12.195393562316895
2017-03-13,12.15012264251709
2017-03-14,12.15012264251709
2017-03-15,12.222556114196777
2017-03-16,12.294984817504883
2017-03-17,12.385522842407227
2017-03-20,12.439845085144043
2017-03-21,12.421738624572754
2017-03-22,12.457950592041016
2017-03-23,12.611867904663086
2017-03-24,12.620919227600098
2017-03-27,12.648082733154297
2017-03-28,12.70240306854248
2017-03-29,12.602812767028809
2017-03-30,12.666189193725586
2017-03-31,12.69334888458252
2017-04-03,12.69334888458252
2017-04-04,12.820101737976074
2017-04-05,12.67524242401123
2017-04-06,12.63902759552002
2017-04-07,12.820101737976074
2017-04-10,12.801993370056152
2017-04-11,12.829155921936035
2017-04-12,12.747672080993652
2017-04-13,12.720510482788086
2017-04-17,12.46700382232666
2017-04-18,12.52132797241211
2017-04-19,12.575650215148926
2017-04-20,12.512272834777832
2017-04-21,12.52132797241211
2017-04-24,12.503220558166504
2017-04-25,12.494165420532227
2017-04-26,12.593757629394531
2017-04-27,12.63902759552002
2017-04-28,12.711457252502441
2017-05-01,12.774831771850586
2017-05-02,12.774831771850586
2017-05-03,12.711457252502441
2017-05-04,12.629973411560059
2017-05-05,12.70240306854248
2017-05-08,12.666189193725586
2017-05-09,12.70240306854248
2017-05-10,12.67524242401123
2017-05-11,12.666189193725586
2017-05-12,12.657133102416992
2017-05-15,12.765779495239258
2017-05-16,12.720510482788086
2017-05-17,12.648082733154297
2017-05-18,12.539435386657715
2017-05-19,12.720510482788086
2017-05-22,12.711457252502441
2017-05-23,12.70240306854248
2017-05-24,12.874424934387207
2017-05-25,12.992121696472168
2017-05-26,12.992121696472168
2017-05-30,13.07360553741455
2017-05-31,13.07360553741455
2017-06-01,13.218465805053711
2017-06-02,13.227519989013672
2017-06-05,13.1822509765625
2017-06-06,13.263733863830566
2017-06-07,13.254681587219238
2017-06-08,13.245627403259277
2017-06-09,13.146036148071289
2017-06-12,13.055500030517578
2017-06-13,13.146036148071289
2017-06-14,13.191305160522461
2017-06-15,13.146036148071289
2017-06-16,13.290895462036133
2017-06-19,13.499133110046387
2017-06-20,13.363326072692871
2017-06-21,13.336163520812988
2017-06-22,13.372379302978516
2017-06-23,13.390487670898438
2017-06-26,13.51723861694336
2017-06-27,13.327110290527344
2017-06-28,13.417648315429688
2017-06-29,13.327110290527344
2017-06-30,13.51723861694336
2017-07-03,13.752636909484863
2017-07-05,13.69831657409668
2017-07-06,13.671154022216797
2017-07-07,13.481025695800781
2017-07-10,13.218465805053711
2017-07-11,13.281842231750488
2017-07-12,13.399542808532715
2017-07-13,13.345218658447266
2017-07-14,13.46291732788086
2017-07-17,13.164143562316895
2017-07-18,13.1822509765625
2017-07-19,13.263733863830566
2017-07-20,13.200359344482422
2017-07-21,13.218465805053711
2017-07-24,13.164143562316895
2017-07-25,13.290895462036133
2017-07-26,13.390487670898438
2017-07-27,13.290895462036133
2017-07-28,13.336163520812988
2017-07-31,13.381433486938477
2017-08-01,13.381433486938477
2017-08-02,13.345218658447266
2017-08-03,13.309002876281738
2017-08-04,13.354272842407227
2017-08-07,13.399542808532715
2017-08-08,13.272788047790527
2017-08-09,13.136984825134277
2017-08-10,12.801993370056152
2017-08-11,12.964961051940918
2017-08-14,12.992121696472168
2017-08-15,12.98306941986084
2017-08-16,13.001175880432129
2017-08-17,12.774831771850586
2017-08-18,12.847262382507324
2017-08-21,12.811047554016113
2017-08-22,12.738617897033691
2017-08-23,12.820101737976074
2017-08-24,12.901586532592773
2017-08-25,13.0464448928833
2017-08-28,13.118873596191406
2017-08-29,13.1279296875
2017-08-30,13.173198699951172
2017-08-31,13.290895462036133
2017-09-01,13.263733863830566
2017-09-05,13.263733863830566
2017-09-06,13.354272842407227
2017-09-07,13.417648315429688
2017-09-08,13.426702499389648
2017-09-11,13.363326072692871
2017-09-12,13.399542808532715
2017-09-13,13.390487670898438
2017-09-14,13.490078926086426
2017-09-15,13.55345630645752
2017-09-18,13.580615997314453
2017-09-19,13.607776641845703
2017-09-20,13.508186340332031
2017-09-21,13.55345630645752
2017-09-22,13.490078926086426
2017-09-25,13.327110290527344
2017-09-26,13.399542808532715
2017-09-27,13.46291732788086
2017-09-28,13.471972465515137
2017-09-29,13.499133110046387
2017-10-02,13.426702499389648
2017-10-03,13.481025695800781
2017-10-04,13.444809913635254
2017-10-05,13.580615997314453
2017-10-06,13.55345630645752
2017-10-09,13.634937286376953
2017-10-10,13.716422080993652
2017-10-11,13.743584632873535
2017-10-12,13.752636909484863
2017-10-13,13.852228164672852
2017-10-16,13.879389762878418
2017-10-17,13.788851737976074
2017-10-18,13.960874557495117
2017-10-19,14.024249076843262
2017-10-20,13.997088432312012
2017-10-23,13.933712005615234
2017-10-24,14.087624549865723
2017-10-25,14.123839378356934
2017-10-26,14.223432540893555
2017-10-27,14.485991477966309
2017-10-30,14.567475318908691
2017-10-31,14.504098892211914
2017-11-01,14.81192684173584
2017-11-02,14.54936695098877
2017-11-03,14.630851745605469
2017-11-06,14.612741470336914
2017-11-07,14.58558177947998
2017-11-08,14.802872657775879
2017-11-09,14.504098892211914
2017-11-10,14.612741470336914
2017-11-13,14.793817520141602
2017-11-14,14.81192684173584
2017-11-15,14.775710105895996
2017-11-16,15.192181587219238
2017-11-17,15.165022850036621
2017-11-20,15.373259544372559
2017-11-21,15.264613151550293
2017-11-22,15.264613151550293
2017-11-24,15.346096992492676
2017-11-27,15.346096992492676
2017-11-28,15.391368865966797
2017-11-29,15.373259544372559
2017-11-30,15.337042808532715
2017-12-01,15.183128356933594
2017-12-04,15.52717113494873
2017-12-05,15.264613151550293
2017-12-06,15.110698699951172
2017-12-07,15.02921199798584
2017-12-08,15.110698699951172
2017-12-11,14.938679695129395
2017-12-12,14.81192684173584
2017-12-13,15.02921199798584
2017-12-14,15.219344139099121
2017-12-15,15.165022850036621
2017-12-18,15.440948486328125
2017-12-19,15.35871696472168
2017-12-20,15.587135314941406
2017-12-21,15.477495193481445
2017-12-22,15.550585746765137
2017-12-26,15.559724807739258
2017-12-27,15.793052673339844
2017-12-28,16.140758514404297
2017-12-29,16.3603572845459
2018-01-02,16.47015953063965
2018-01-03,16.744659423828125
2018-01-04,16.93681526184082
2018-01-05,16.91851234436035
2018-01-08,17.17471694946289
2018-01-09,17.211315155029297
2018-01-10,16.854463577270508
2018-01-11,17.366867065429688
2018-01-12,17.476669311523438
2018-01-16,17.485816955566406
2018-01-17,17.321115493774414
2018-01-18,17.13811492919922
2018-01-19,17.33026695251465
2018-01-22,17.76032257080078
2018-01-23,17.94332504272461
2018-01-24,17.73287010192871
2018-01-25,17.915874481201172
2018-01-26,18.190372467041016
2018-01-29,18.053123474121094
2018-01-30,17.63222312927246
2018-01-31,17.99822425842285
2018-02-01,17.83352279663086
2018-02-02,16.982563018798828
2018-02-05,16.030954360961914
2018-02-06,16.506759643554688
2018-02-07,16.113306045532227
2018-02-08,15.628352165222168
2018-02-09,15.811351776123047
2018-02-12,16.05840492248535
2018-02-13,16.424409866333008
2018-02-14,17.0283145904541
2018-02-15,17.339420318603516
2018-02-16,17.29366683959961
2018-02-20,17.275367736816406
2018-02-21,17.055767059326172
2018-02-22,17.15641212463379
2018-02-23,17.49496841430664
2018-02-26,17.60477066040039
2018-02-27,17.147262573242188
2018-02-28,17.092363357543945
2018-03-01,16.76296043395996
2018-03-02,16.91851234436035
2018-03-05,17.064912796020508
2018-03-06,17.074068069458008
2018-03-07,16.982563018798828
2018-03-08,17.211315155029297
2018-03-09,17.385168075561523
2018-03-12,17.29366683959961
2018-03-13,17.37601661682129
2018-03-14,17.403470993041992
2018-03-15,17.229618072509766
2018-03-16,17.44921875
2018-03-19,17.531566619873047
2018-03-20,17.73287010192871
2018-03-21,18.016525268554688
2018-03-22,17.49496841430664
2018-03-23,17.0283145904541
2018-03-26,17.8701229095459
2018-03-27,17.613920211791992
2018-03-28,17.78777313232422
2018-03-29,17.897573471069336
2018-04-02,17.8701229095459
2018-04-03,18.528926849365234
2018-04-04,18.657028198242188
2018-04-05,18.547229766845703
2018-04-06,18.318479537963867
2018-04-09,18.45572853088379
2018-04-10,18.45572853088379
2018-04-11,17.8792724609375
2018-04-12,18.06227684020996
2018-04-13,17.94332504272461
2018-04-16,17.925024032592773
2018-04-17,17.94332504272461
2018-04-18,17.65052032470703
2018-04-19,16.91851234436035
2018-04-20,17.03746223449707
2018-04-23,16.662307739257812
2018-04-24,16.525060653686523
2018-04-25,16.552509307861328
2018-04-26,16.342056274414062
2018-04-27,16.433555603027344
2018-04-30,16.3603572845459
2018-05-01,16.204805374145508
2018-05-02,15.912004470825195
2018-05-03,15.985203742980957
2018-05-04,16.140758514404297
2018-05-07,16.424409866333008
2018-05-08,16.497608184814453
2018-05-09,16.415260314941406
2018-05-10,16.351207733154297
2018-05-11,16.332904815673828
2018-05-14,16.607410430908203
2018-05-15,16.525060653686523
2018-05-16,16.342056274414062
2018-05-17,15.948603630065918
2018-05-18,16.030954360961914
2018-05-21,15.70154857635498
2018-05-22,15.088496208190918
2018-05-23,15.298944473266602
2018-05-24,15.088496208190918
2018-05-25,14.878043174743652
2018-05-29,14.695039749145508
2018-05-30,14.996996879577637
2018-05-31,15.27149772644043
2018-06-01,15.811351776123047
2018-06-04,16.16820526123047
2018-06-05,15.921152114868164
2018-06-06,16.204805374145508
2018-06-07,16.04010581970215
2018-06-08,16.00350570678711
2018-06-11,15.994351387023926
2018-06-12,15.637499809265137
2018-06-13,15.637499809265137
2018-06-14,15.564299583435059
2018-06-15,15.509401321411133
2018-06-18,15.070195198059082
2018-06-19,14.704191207885742
2018-06-20,14.960395812988281
2018-06-21,14.658443450927734
2018-06-22,14.932944297790527
2018-06-25,14.978694915771484
2018-06-26,14.932944297790527
2018-06-27,14.713342666625977
2018-06-28,14.539490699768066
2018-06-29,14.612690925598145
2018-07-02,14.383939743041992
2018-07-03,13.85323429107666
2018-07-05,13.825782775878906
2018-07-06,14.118586540222168
2018-07-09,14.155186653137207
2018-07-10,14.164337158203125
2018-07-11,13.972184181213379
2018-07-12,14.228387832641602
2018-07-13,14.319886207580566
2018-07-16,14.347338676452637
2018-07-17,14.566940307617188
2018-07-18,14.722493171691895
2018-07-19,14.585240364074707
2018-07-20,14.640141487121582
2018-07-23,14.475438117980957
2018-07-24,14.521190643310547
2018-07-25,14.786543846130371
2018-07-26,14.73164176940918
2018-07-27,14.722493171691895
2018-07-30,14.813993453979492
2018-07-31,15.061041831970215
2018-08-01,14.960395812988281
2018-08-02,14.80484390258789
2018-08-03,14.932944297790527
2018-08-06,14.841442108154297
2018-08-07,14.932944297790527
2018-08-08,15.042744636535645
2018-08-09,14.923794746398926
2018-08-10,14.777390480041504
2018-08-13,14.749942779541016
2018-08-14,15.143394470214844
2018-08-15,14.740792274475098
2018-08-16,14.841442108154297
2018-08-17,15.006141662597656
2018-08-20,14.786543846130371
2018-08-21,15.152546882629395
2018-08-22,15.161698341369629
2018-08-23,15.061041831970215
2018-08-24,15.207447052001953
2018-08-27,15.335548400878906
2018-08-28,15.289794921875
2018-08-29,15.289794921875
2018-08-30,15.097649574279785
2018-08-31,15.152546882629395
2018-09-04,14.887192726135254
2018-09-05,14.786543846130371
2018-09-06,14.6492919921875
2018-09-07,14.722493171691895
2018-09-10,14.777390480041504
2018-09-11,15.152546882629395
2018-09-12,15.362997055053711
2018-09-13,15.362997055053711
2018-09-14,15.216596603393555
2018-09-17,15.106795310974121
2018-09-18,15.335548400878906
2018-09-19,15.38129997253418
2018-09-20,15.390446662902832
2018-09-21,15.170845985412598
2018-09-24,15.390446662902832
2018-09-25,15.472798347473145
2018-09-26,15.362997055053711
2018-09-27,15.390446662902832
2018-09-28,15.38129997253418
2018-10-01,15.170845985412598
2018-10-02,15.161698341369629
2018-10-03,15.088496208190918
2018-10-04,15.015292167663574
2018-10-05,14.841442108154297
2018-10-08,14.795692443847656
2018-10-09,14.73164176940918
2018-10-10,14.319886207580566
2018-10-11,13.752581596374512
2018-10-12,14.283287048339844
2018-10-15,14.255837440490723
2018-10-16,14.612690925598145
2018-10-17,14.365638732910156
2018-10-18,14.182636260986328
2018-10-19,14.264988899230957
2018-10-22,14.200936317443848
2018-10-23,14.109436988830566
2018-10-24,13.715982437133789
2018-10-25,13.862382888793945
2018-10-26,13.606181144714355
2018-10-29,13.258477210998535
2018-10-30,13.478079795837402
2018-10-31,13.889835357666016
2018-11-01,13.98133373260498
2018-11-02,13.96303653717041
2018-11-05,14.155186653137207
2018-11-06,14.136886596679688
2018-11-07,14.356487274169922
2018-11-08,14.264988899230957
2018-11-09,13.990485191345215
2018-11-12,13.898983001708984
2018-11-13,13.85323429107666
2018-11-14,13.825782775878906
2018-11-15,13.93558406829834
2018-11-16,13.898983001708984
2018-11-19,13.715982437133789
2018-11-20,13.688532829284668
2018-11-21,14.036234855651855
2018-11-23,13.926433563232422
2018-11-26,14.246686935424805
2018-11-27,14.264988899230957
2018-11-28,14.603540420532227
2018-11-29,14.457140922546387
2018-11-30,14.365638732910156
2018-12-03,14.603540420532227
2018-12-04,14.365638732910156
2018-12-06,14.49374008178711
2018-12-07,14.246686935424805
2018-12-10,14.274136543273926
2018-12-11,14.255837440490723
2018-12-12,14.49374008178711
2018-12-13,14.429688453674316
2018-12-14,14.228387832641602
2018-12-17,13.944734573364258
2018-12-18,13.96303653717041
2018-12-19,13.661080360412598
2018-12-20,13.792082786560059
2018-12-21,13.496867179870605
2018-12-24,13.432290077209473
2018-12-26,13.773632049560547
2018-12-27,13.745955467224121
2018-12-28,13.6998291015625
2018-12-31,13.607573509216309
2019-01-02,13.745955467224121
2019-01-03,13.358484268188477
2019-01-04,13.755181312561035
2019-01-07,13.87511157989502
2019-01-08,13.801310539245605
2019-01-09,13.976592063903809
2019-01-10,14.105749130249023
2019-01-11,14.114973068237305
2019-01-14,14.050395965576172
2019-01-15,14.170328140258789
2019-01-16,14.17955207824707
2019-01-17,14.198004722595215
2019-01-18,14.271807670593262
2019-01-22,14.068846702575684
2019-01-23,14.327159881591797
2019-01-24,14.271807670593262
2019-01-25,14.585474014282227
2019-01-28,14.65927791595459
2019-01-29,14.530118942260742
2019-01-30,14.714630126953125
2019-01-31,14.613151550292969
2019-02-01,14.382513046264648
2019-02-04,14.465542793273926
2019-02-05,14.493219375610352
2019-02-06,14.483992576599121
2019-02-07,14.20722770690918
2019-02-08,14.290257453918457
2019-02-11,14.447091102600098
2019-02-12,14.769984245300293
2019-02-13,14.834562301635742
2019-02-14,15.092873573303223
2019-02-15,15.231257438659668
2019-02-19,15.341963768005371
2019-02-20,15.443443298339844
2019-02-21,15.424988746643066
2019-02-22,15.683306694030762
2019-02-25,15.747883796691895
2019-02-26,15.664854049682617
2019-02-27,15.72943115234375
2019-02-28,15.388091087341309
2019-03-01,15.443443298339844
2019-03-04,15.563375473022461
2019-03-05,15.461894035339355
2019-03-06,15.39731502532959
2019-03-07,15.046747207641602
2019-03-08,14.899136543273926
2019-03-11,15.305059432983398
2019-03-12,15.674076080322266
2019-03-13,15.821686744689941
2019-03-14,15.65562915802002
2019-03-15,15.54492473602295
2019-03-18,15.830910682678223
2019-03-19,15.747883796691895
2019-03-20,15.627951622009277
2019-03-21,15.471118927001953
2019-03-22,15.185128211975098
2019-03-25,15.111327171325684
2019-03-26,15.314288139343262
2019-03-27,15.194355010986328
2019-03-28,15.194355010986328
2019-03-29,15.277383804321289
2019-04-01,15.692530632019043
2019-04-02,15.526473999023438
2019-04-03,15.646400451660156
2019-04-04,15.720208168029785
2019-04-05,15.766332626342773
2019-04-08,15.747883796691895
2019-04-09,15.637178421020508
2019-04-10,15.54492473602295
2019-04-11,15.646400451660156
2019-04-12,15.849364280700684
2019-04-15,15.674076080322266
2019-04-16,15.646400451660156
2019-04-17,15.508020401000977
2019-04-18,15.388091087341309
2019-04-22,15.341963768005371
2019-04-23,15.55414867401123
2019-04-24,15.508020401000977
2019-04-25,15.489567756652832
2019-04-26,15.40654182434082
2019-04-29,15.39731502532959
2019-04-30,15.378865242004395
2019-05-01,15.222033500671387
2019-05-02,15.139001846313477
2019-05-03,15.240480422973633
2019-05-06,15.111327171325684
2019-05-07,14.917591094970703
2019-05-08,14.963717460632324
2019-05-09,14.825336456298828
2019-05-10,15.028298377990723
2019-05-13,14.889912605285645
2019-05-14,15.129777908325195
2019-05-15,15.341963768005371
2019-05-16,15.452668190002441
2019-05-17,15.148224830627441
2019-05-20,15.212803840637207
2019-05-21,15.351187705993652
2019-05-22,15.185128211975098
2019-05-23,15.148224830627441
2019-05-24,14.972942352294922
2019-05-28,14.936041831970215
2019-05-29,15.139001846313477
2019-05-30,14.917591094970703
2019-05-31,14.936041831970215
2019-06-03,14.825336456298828
2019-06-04,14.982169151306152
2019-06-05,14.963717460632324
2019-06-06,14.954492568969727
2019-06-07,15.102100372314453
2019-06-10,15.06519889831543
2019-06-11,15.102100372314453
2019-06-12,15.000621795654297
2019-06-13,14.963717460632324
2019-06-14,15.019072532653809
2019-06-17,14.834562301635742
2019-06-18,14.880688667297363
2019-06-19,15.046747207641602
2019-06-20,15.166679382324219
2019-06-21,15.102100372314453
2019-06-24,15.185128211975098
2019-06-25,15.05596923828125
2019-06-26,15.019072532653809
2019-06-27,14.788434982299805
2019-06-28,14.77920913696289
2019-07-01,15.009845733642578
2019-07-02,15.046747207641602
2019-07-03,15.000621795654297
2019-07-05,15.019072532653809
2019-07-08,14.862238883972168
2019-07-09,14.834562301635742
2019-07-10,15.028298377990723
2019-07-11,14.972942352294922
2019-07-12,15.157455444335938
2019-07-15,15.009845733642578
2019-07-16,15.185128211975098
2019-07-17,15.05596923828125
2019-07-18,15.019072532653809
2019-07-19,15.102100372314453
2019-07-22,15.111327171325684
2019-07-23,15.17590618133545
2019-07-24,15.139001846313477
2019-07-25,15.120551109313965
2019-07-26,15.231257438659668
2019-07-29,15.139001846313477
2019-07-30,14.87146282196045
2019-07-31,14.926815032958984
2019-08-01,14.723856925964355
2019-08-02,14.825336456298828
2019-08-05,14.09652328491211
2019-08-06,14.078073501586914
2019-08-07,14.37328815460205
2019-08-08,14.603924751281738
2019-08-09,14.4378662109375
2019-08-12,14.20722770690918
2019-08-13,14.327159881591797
2019-08-14,14.059621810913086
2019-08-15,14.234906196594238
2019-08-16,14.37328815460205
2019-08-19,14.419416427612305
2019-08-20,14.465542793273926
2019-08-21,14.62237548828125
2019-08-22,14.677729606628418
2019-08-23,14.382513046264648
2019-08-26,14.36406135559082
2019-08-27,14.290257453918457
2019-08-28,14.36406135559082
2019-08-29,14.354838371276855
2019-08-30,14.465542793273926
2019-09-03,14.4378662109375
2019-09-04,14.511669158935547
2019-09-05,14.613151550292969
2019-09-06,14.585474014282227
2019-09-09,14.520895004272461
2019-09-10,14.4378662109375
2019-09-11,14.447091102600098
2019-09-12,14.511669158935547
2019-09-13,14.62237548828125
2019-09-16,14.760757446289062
2019-09-17,14.77920913696289
2019-09-18,14.760757446289062
2019-09-19,14.834562301635742
2019-09-20,14.797660827636719
2019-09-23,14.760757446289062
2019-09-24,14.751531600952148
2019-09-25,14.81611156463623
2019-09-26,14.945267677307129
2019-09-27,14.899136543273926
2019-09-30,15.046747207641602
2019-10-01,14.917591094970703
2019-10-02,14.74230670928955
2019-10-03,14.853011131286621
2019-10-04,14.982169151306152
2019-10-07,14.834562301635742
2019-10-08,14.69618034362793
2019-10-09,14.760757446289062
2019-10-10,14.834562301635742
2019-10-11,14.917591094970703
2019-10-14,14.825336456298828
2019-10-15,14.9913969039917
2019-10-16,15.000621795654297
2019-10-17,14.945267677307129
2019-10-18,14.889912605285645
2019-10-21,14.945267677307129
2019-10-22,14.954492568969727
2019-10-23,14.954492568969727
2019-10-24,14.917591094970703
2019-10-25,15.028298377990723
2019-10-28,15.000621795654297
2019-10-29,14.963717460632324
2019-10-30,15.009845733642578
2019-10-31,14.963717460632324
2019-11-01,15.332735061645508
2019-11-04,15.39731502532959
2019-11-05,15.378865242004395
2019-11-06,15.369638442993164
2019-11-07,15.323512077331543
2019-11-08,15.323512077331543
2019-11-11,15.25893497467041
2019-11-12,15.25893497467041
2019-11-13,15.111327171325684
2019-11-14,15.083649635314941
2019-11-15,15.17590618133545
2019-11-18,15.120551109313965
2019-11-19,15.083649635314941
2019-11-20,15.037522315979004
2019-11-21,14.843786239624023
2019-11-22,14.788434982299805
2019-11-25,14.834562301635742
2019-11-26,14.926815032958984
2019-11-27,14.889912605285645
2019-11-29,14.705404281616211
2019-12-02,14.567022323608398
2019-12-03,14.530118942260742
2019-12-04,14.686952590942383
2019-12-05,14.62237548828125
2019-12-06,14.69618034362793
2019-12-09,14.585474014282227
2019-12-10,14.603924751281738
2019-12-11,14.677729606628418
2019-12-12,14.926815032958984
2019-12-13,14.843786239624023
2019-12-16,14.751531600952148
2019-12-17,14.650052070617676
2019-12-18,14.631601333618164
2019-12-19,14.5577974319458
2019-12-20,14.650052070617676
2019-12-23,14.663980484008789
2019-12-24,14.719704627990723
2019-12-26,14.738276481628418
2019-12-27,14.738276481628418
2019-12-30,14.790336608886719
2019-12-31,14.864706039428711
2020-01-02,15.115706443786621
2020-01-03,14.957669258117676
2020-01-06,14.911188125610352
2020-01-07,14.88329792022705
2020-01-08,14.743853569030762
2020-01-09,14.734559059143066
2020-01-10,14.790336608886719
2020-01-13,14.966965675354004
2020-01-14,14.93907642364502
2020-01-15,14.8554105758667
2020-01-16,14.88329792022705
2020-01-17,14.920482635498047
2020-01-21,14.864706039428711
2020-01-22,14.911188125610352
2020-01-23,14.948372840881348
2020-01-24,14.88329792022705
2020-01-27,14.595114707946777
2020-01-28,14.492855072021484
2020-01-29,14.530041694641113
2020-01-30,14.427783012390137
2020-01-31,13.842119216918945
2020-02-03,13.907193183898926
2020-02-04,14.037339210510254
2020-02-05,14.000155448913574
2020-02-06,14.065227508544922
2020-02-07,13.990859031677246
2020-02-10,13.944376945495605
2020-02-11,14.102413177490234
2020-02-12,14.223264694213867
2020-02-13,14.204672813415527
2020-02-14,14.195377349853516
2020-02-18,14.009450912475586
2020-02-19,13.962968826293945
2020-02-20,13.944376945495605
2020-02-21,13.907193183898926
2020-02-24,13.200675964355469
2020-02-25,13.08912181854248
2020-02-26,13.117010116577148
2020-02-27,12.735864639282227
2020-02-28,12.773048400878906
2020-03-02,12.893900871276855
2020-03-03,12.763752937316895
2020-03-04,12.996158599853516
2020-03-05,12.726568222045898
2020-03-06,12.633605003356934
2020-03-09,11.796941757202148
2020-03-10,11.927091598510742
2020-03-11,11.545945167541504
2020-03-12,10.30954360961914
2020-03-13,10.4118013381958
2020-03-16,9.54725170135498
2020-03-17,9.946990013122559
2020-03-18,9.333436012268066
2020-03-19,9.78895378112793
2020-03-20,9.761064529418945
2020-03-23,9.017363548278809
2020-03-24,9.7517671585083
2020-03-25,10.086434364318848
2020-03-26,10.263060569763184
2020-03-27,9.779656410217285
2020-03-30,9.72387981414795
2020-03-31,9.70528507232666
2020-04-01,9.60302734375
2020-04-02,9.900507926940918
2020-04-03,9.984173774719238
2020-04-06,10.783652305603027
2020-04-07,10.848727226257324
2020-04-08,11.034650802612305
2020-04-09,11.127614974975586
2020-04-13,11.0718355178833
2020-04-14,11.211280822753906
2020-04-15,11.099723815917969
2020-04-16,11.248464584350586
2020-04-17,11.387907981872559
2020-04-20,11.304241180419922
2020-04-21,10.867318153381348
2020-04-22,11.29494571685791
2020-04-23,11.16479778289795
2020-04-24,11.480870246887207
2020-04-27,11.387907981872559
2020-04-28,11.508759498596191
2020-04-29,11.573833465576172
2020-04-30,11.573833465576172
2020-05-01,11.081131935119629
2020-05-04,11.118316650390625
2020-05-05,11.471574783325195
2020-05-06,11.53664779663086
2020-05-07,11.880608558654785
2020-05-08,12.289644241333008
2020-05-11,11.964275360107422
2020-05-12,12.113016128540039
2020-05-13,11.82483196258545
2020-05-14,11.992164611816406
2020-05-15,11.982868194580078
2020-05-18,12.373310089111328
2020-05-19,12.122310638427734
2020-05-20,12.726568222045898
2020-05-21,12.615013122558594
2020-05-22,12.568532943725586
2020-05-26,12.977567672729492
2020-05-27,12.791642189025879
2020-05-28,12.782346725463867
2020-05-29,12.735864639282227
2020-06-01,13.061233520507812
2020-06-02,13.098419189453125
2020-06-03,13.200675964355469
2020-06-04,13.024046897888184
2020-06-05,13.154195785522461
2020-06-08,13.516749382019043
2020-06-09,13.395899772644043
2020-06-10,13.47956371307373
2020-06-11,12.698678970336914
2020-06-12,12.782346725463867
2020-06-15,12.456976890563965
2020-06-16,12.615013122558594
2020-06-17,12.689383506774902
2020-06-18,12.782346725463867
2020-06-19,12.791642189025879
2020-06-22,12.847419738769531
2020-06-23,12.912493705749512
2020-06-24,12.605717658996582
2020-06-25,12.633605003356934
2020-06-26,12.540643692016602
2020-06-29,12.587125778198242
2020-06-30,12.494161605834961
2020-07-01,12.791642189025879
2020-07-02,12.847419738769531
2020-07-06,13.154195785522461
2020-07-07,13.08912181854248
2020-07-08,13.191380500793457
2020-07-09,13.209972381591797
2020-07-10,13.228565216064453
2020-07-13,13.154195785522461
2020-07-14,13.368010520935059
2020-07-15,13.628304481506348
2020-07-16,13.49815845489502
2020-07-17,13.47956371307373
2020-07-20,13.553934097290039
2020-07-21,13.44237995147705
2020-07-22,13.470268249511719
2020-07-23,13.237861633300781
2020-07-24,13.08912181854248
2020-07-27,12.735864639282227
2020-07-28,12.912493705749512
2020-07-29,12.866013526916504
2020-07-30,12.893900871276855
2020-07-31,12.735864639282227
2020-08-03,13.172789573669434
2020-08-04,13.349417686462402
2020-08-05,13.674786567687988
2020-08-06,13.609712600708008
2020-08-07,13.60041618347168
2020-08-10,13.721266746520996
2020-08-11,13.516749382019043
2020-08-12,13.693378448486328
2020-08-13,13.63759994506836
2020-08-14,13.66549015045166
2020-08-17,13.758452415466309
2020-08-18,13.368010520935059
2020-08-19,13.247159004211426
2020-08-20,13.107714653015137
2020-08-21,13.135602951049805
2020-08-24,13.451676368713379
2020-08-25,13.674786567687988
2020-08-26,13.73056411743164
2020-08-27,13.526046752929688
2020-08-28,13.702674865722656
2020-08-31,13.66549015045166
2020-09-01,13.804935455322266
2020-09-02,13.944376945495605
2020-09-03,13.814229965209961
2020-09-04,13.953675270080566
2020-09-08,13.758452415466309
2020-09-09,14.093117713928223
2020-09-10,13.721266746520996
2020-09-11,13.749156951904297
2020-09-14,14.065227508544922
2020-09-15,14.130302429199219
2020-09-16,13.925783157348633
2020-09-17,13.888601303100586
2020-09-18,13.777044296264648
2020-09-21,13.66549015045166
2020-09-22,13.684082984924316
2020-09-23,13.47956371307373
2020-09-24,13.433082580566406
2020-09-25,13.516749382019043
2020-09-28,13.758452415466309
2020-09-29,13.628304481506348
2020-09-30,13.804935455322266
2020-10-01,13.897894859313965
2020-10-02,13.804935455322266
2020-10-05,13.925783157348633
2020-10-06,13.777044296264648
2020-10-07,14.037339210510254
2020-10-08,14.018746376037598
2020-10-09,14.083820343017578
2020-10-12,14.130302429199219
2020-10-13,14.158191680908203
2020-10-14,14.158191680908203
2020-10-15,14.167487144470215
2020-10-16,14.12100601196289
2020-10-19,13.860710144042969
2020-10-20,14.074524879455566
2020-10-21,14.000155448913574
2020-10-22,14.093117713928223
2020-10-23,14.353410720825195
2020-10-26,14.046635627746582
2020-10-27,13.981562614440918
2020-10-28,13.553934097290039
2020-10-29,13.777044296264648
2020-10-30,13.702674865722656
2020-11-02,13.851414680480957
2020-11-03,14.009450912475586
2020-11-04,14.372005462646484
2020-11-05,14.251153945922852
2020-11-06,14.27904224395752
2020-11-09,14.446374893188477
2020-11-10,14.446374893188477
2020-11-11,14.511448860168457
2020-11-12,14.446374893188477
2020-11-13,14.492855072021484
2020-11-16,14.40919017791748
2020-11-17,14.492855072021484
2020-11-18,14.381300926208496
2020-11-19,14.576522827148438
2020-11-20,14.911188125610352
2020-11-23,14.966965675354004
2020-11-24,15.115706443786621
2020-11-25,14.911188125610352
2020-11-27,15.125001907348633
2020-11-30,14.836816787719727
2020-12-01,15.013444900512695
2020-12-02,15.190075874328613
2020-12-03,15.27374267578125
2020-12-04,15.264443397521973
2020-12-07,15.301630020141602
2020-12-08,15.329516410827637
2020-12-09,15.366704940795898
2020-12-10,15.496850967407227
2020-12-11,15.589813232421875
2020-12-14,15.757147789001465
2020-12-15,15.794331550598145
2020-12-16,15.859403610229492
2020-12-17,15.692070007324219
2020-12-18,15.673480987548828
2020-12-21,15.710819244384766
2020-12-22,15.514784812927246
2020-12-23,15.645477294921875
2020-12-24,15.617466926574707
2020-12-28,15.96286678314209
2020-12-29,16.32693099975586
2020-12-30,16.33626365661621
2020-12-31,16.32693099975586
2021-01-04,16.3829402923584
2021-01-05,16.765674591064453
2021-01-06,16.80301856994629
2021-01-07,16.99905014038086
2021-01-08,17.195085525512695
2021-01-11,17.279102325439453
2021-01-12,17.36311912536621
2021-01-13,17.35378074645996
2021-01-14,17.26976776123047
2021-01-15,17.213756561279297
2021-01-19,16.66299057006836
2021-01-20,16.905702590942383
2021-01-21,17.148412704467773
2021-01-22,17.129743576049805
2021-01-25,17.008386611938477
2021-01-26,16.952373504638672
2021-01-27,16.196239471435547
2021-01-28,15.710819244384766
2021-01-29,15.794836044311523
2021-02-01,15.91618824005127
2021-02-02,16.233579635620117
2021-02-03,16.709665298461914
2021-02-04,16.66299057006836
2021-02-05,16.728336334228516
2021-02-08,16.308259963989258
2021-02-09,16.569637298583984
2021-02-10,16.616313934326172
2021-02-11,16.7376708984375
2021-02-12,16.81235122680664
2021-02-16,16.644319534301758
2021-02-17,16.877696990966797
2021-02-18,16.989717483520508
2021-02-19,17.16707992553711
2021-02-22,16.980384826660156
2021-02-23,16.859024047851562
2021-02-24,16.80301856994629
2021-02-25,16.242916107177734
2021-02-26,16.429615020751953
2021-03-01,16.849689483642578
2021-03-02,16.709665298461914
2021-03-03,16.429615020751953
2021-03-04,16.21491050720215
2021-03-05,16.522968292236328
2021-03-08,16.33626365661621
2021-03-09,16.3829402923584
2021-03-10,16.429615020751953
2021-03-11,16.79368019104004
2021-03-12,16.597646713256836
2021-03-15,16.67232894897461
2021-03-16,16.718997955322266
2021-03-17,16.74700355529785
2021-03-18,16.625652313232422
2021-03-19,16.700332641601562
2021-03-22,16.74700355529785
2021-03-23,16.392276763916016
2021-03-24,16.242916107177734
2021-03-25,16.3829402923584
2021-03-26,16.653656005859375
2021-03-29,16.700332641601562
2021-03-30,16.681663513183594
2021-03-31,16.896364212036133
2021-04-01,17.316438674926758
2021-04-05,17.400455474853516
2021-04-06,17.26976776123047
2021-04-07,16.88703155517578
2021-04-08,17.35378074645996
2021-04-09,17.36311912536621
2021-04-12,17.661836624145508
2021-04-13,17.745853424072266
2021-04-14,17.745853424072266
2021-04-15,17.9045467376709
2021-04-16,18.007232666015625
2021-04-19,18.240610122680664
2021-04-20,18.29661750793457
2021-04-21,18.29661750793457
2021-04-22,17.988563537597656
2021-04-23,18.147258758544922
2021-04-26,17.82986831665039
2021-04-27,17.867206573486328
2021-04-28,17.745853424072266
2021-04-29,17.82986831665039
2021-04-30,17.59649085998535
2021-05-03,17.372451782226562
2021-05-04,17.465801239013672
2021-05-05,17.661836624145508
2021-05-06,17.605825424194336
2021-05-07,17.783191680908203
2021-05-10,17.932552337646484
2021-05-11,17.755186080932617
2021-05-12,17.43779754638672
2021-05-13,17.307106018066406
2021-05-14,17.689844131469727
2021-05-17,17.512475967407227
2021-05-18,17.503141403198242
2021-05-19,17.59649085998535
2021-05-20,17.857872009277344
2021-05-21,17.82986831665039
2021-05-24,18.100584030151367
2021-05-25,18.02589988708496
2021-05-26,18.249942779541016
2021-05-27,18.165925979614258
2021-05-28,18.371295928955078
2021-06-01,18.389970779418945
2021-06-02,18.49265480041504
2021-06-03,18.55799674987793
2021-06-04,18.791370391845703
2021-06-07,18.65134620666504
2021-06-08,18.389970779418945
2021-06-09,18.55799674987793
2021-06-10,18.539329528808594
2021-06-11,18.670019149780273
2021-06-14,18.83804702758789
2021-06-15,18.819377899169922
2021-06-16,18.50198745727539
2021-06-17,18.72602653503418
2021-06-18,18.679351806640625
2021-06-21,18.819377899169922
2021-06-22,18.810043334960938
2021-06-23,18.735361099243164
2021-06-24,18.772703170776367
2021-06-25,19.136768341064453
2021-06-28,19.230119705200195
2021-06-29,19.25812530517578
2021-06-30,19.407485961914062
2021-07-01,19.482162475585938
2021-07-02,19.50083351135254
2021-07-06,19.01541519165039
2021-07-07,19.043418884277344
2021-07-08,18.698026657104492
2021-07-09,18.604673385620117
2021-07-12,18.147258758544922
2021-07-13,17.932552337646484
2021-07-14,17.969890594482422
2021-07-15,18.081911087036133
2021-07-16,18.09124755859375
2021-07-19,17.484472274780273
2021-07-20,17.87653923034668
2021-07-21,17.96055793762207
2021-07-22,18.02589988708496
2021-07-23,17.801860809326172
2021-07-26,17.9045467376709
2021-07-27,17.988563537597656
2021-07-28,18.03523826599121
2021-07-29,18.07257652282715
2021-07-30,18.249942779541016
2021-08-02,18.212602615356445
2021-08-03,18.57666778564453
2021-08-04,18.529991149902344
2021-08-05,18.68868637084961
2021-08-06,18.49265480041504
2021-08-09,18.866052627563477
2021-08-10,18.66068458557129
2021-08-11,18.623342514038086
2021-08-12,18.48331642150879
2021-08-13,18.520658493041992
2021-08-16,18.40863609313965
2021-08-17,18.13792610168457
2021-08-18,18.10991668701172
2021-08-19,18.17525863647461
2021-08-20,17.88587760925293
2021-08-23,18.081911087036133
2021-08-24,17.997900009155273
2021-08-25,18.119251251220703
2021-08-26,17.951221466064453
2021-08-27,18.44597816467285
2021-08-30,18.539329528808594
2021-08-31,18.436643600463867
2021-09-01,18.595338821411133
2021-09-02,18.670019149780273
2021-09-03,18.856719970703125
2021-09-07,18.698026657104492
2021-09-08,18.455312728881836
2021-09-09,18.698026657104492
2021-09-10,18.698026657104492
2021-09-13,18.511322021484375
2021-09-14,18.436643600463867
2021-09-15,18.50198745727539
2021-09-16,18.548664093017578
2021-09-17,18.520658493041992
2021-09-20,18.09124755859375
2021-09-21,18.212602615356445
2021-09-22,18.529991149902344
2021-09-23,18.417972564697266
2021-09-24,18.2779483795166
2021-09-27,17.932552337646484
2021-09-28,17.9232177734375
2021-09-29,17.801860809326172
2021-09-30,17.988563537597656
2021-10-01,17.867206573486328
2021-10-04,17.82986831665039
2021-10-05,18.016565322875977
2021-10-06,17.932552337646484
2021-10-07,18.17525863647461
2021-10-08,18.29661750793457
2021-10-11,18.333955764770508
2021-10-12,18.305953979492188
2021-10-13,18.29661750793457
2021-10-14,18.32461929321289
2021-10-15,18.20326805114746
2021-10-18,18.32461929321289
2021-10-19,18.399303436279297
2021-10-20,18.399303436279297
2021-10-21,18.26861000061035
2021-10-22,18.333955764770508
2021-10-25,18.399303436279297
2021-10-26,18.40863609313965
2021-10-27,18.763368606567383
2021-10-28,18.89405632019043
2021-10-29,18.950069427490234
2021-11-01,19.01541519165039
2021-11-02,18.978073120117188
2021-11-03,18.847387313842773
2021-11-04,18.856719970703125
2021-11-05,19.062088012695312
2021-11-08,19.29546546936035
2021-11-09,19.19277572631836
2021-11-10,19.220783233642578
2021-11-11,19.230119705200195
2021-11-12,19.332801818847656
2021-11-15,19.37014389038086
2021-11-16,19.360809326171875
2021-11-17,19.46349334716797
2021-11-18,19.46349334716797
2021-11-19,19.174108505249023
2021-11-22,18.931396484375
2021-11-23,19.19277572631836
2021-11-24,19.34213638305664
2021-11-26,19.304798126220703
2021-11-29,19.29546546936035
2021-11-30,19.37014389038086
2021-12-01,19.416818618774414
2021-12-02,19.34213638305664
2021-12-03,19.01541519165039
2021-12-06,18.679351806640625
2021-12-07,19.14610481262207
2021-12-08,19.323469161987305
2021-12-09,19.46349334716797
2021-12-10,19.304798126220703
2021-12-13,19.304798126220703
2021-12-14,19.314132690429688
2021-12-15,19.360809326171875
2021-12-16,19.332801818847656
2021-12-17,19.388811111450195
2021-12-20,19.325956344604492
2021-12-21,19.58863639831543
2021-12-22,19.691835403442383
2021-12-23,19.382244110107422
2021-12-27,19.710601806640625
2021-12-28,19.748125076293945
2021-12-29,19.710601806640625
2021-12-30,19.94513702392578
2021-12-31,19.926376342773438
2022-01-03,19.954519271850586
2022-01-04,20.19843864440918
2022-01-05,20.160911560058594
2022-01-06,20.067096710205078
2022-01-07,20.076480865478516
2022-01-10,19.88884925842285
2022-01-11,19.757505416870117
2022-01-12,19.78565216064453
2022-01-13,19.44791603088379
2022-01-14,19.457298278808594
2022-01-18,18.462854385375977
2022-01-19,18.528526306152344
2022-01-20,18.67862892150879
2022-01-21,18.612960815429688
2022-01-24,17.937488555908203
2022-01-25,18.275224685668945
2022-01-26,18.134504318237305
2022-01-27,18.172027587890625
2022-01-28,18.38780403137207
2022-01-31,18.547290802001953
2022-02-01,18.603578567504883
2022-02-02,18.659868240356445
2022-02-03,18.537906646728516
2022-02-04,18.50037956237793
2022-02-07,18.51914405822754
2022-02-08,18.43471336364746
2022-02-09,18.79121208190918
2022-02-10,18.64110565185547
2022-02-11,18.40656852722168
2022-02-14,18.200170516967773
2022-02-15,18.43471336364746
2022-02-16,18.584815979003906
2022-02-17,18.594196319580078
2022-02-18,18.566051483154297
2022-02-22,18.425331115722656
2022-02-23,18.462854385375977
2022-02-24,18.293987274169922
2022-02-25,18.378421783447266
2022-02-28,18.303369522094727
2022-03-01,18.22831916809082
2022-03-02,18.340896606445312
2022-03-03,18.51914405822754
2022-03-04,18.425331115722656
2022-03-07,18.05006980895996
2022-03-08,17.796764373779297
2022-03-09,17.937488555908203
2022-03-10,17.796764373779297
2022-03-11,17.38397979736328
2022-03-14,17.07438850402832
2022-03-15,17.262020111083984
2022-03-16,17.599756240844727
2022-03-17,17.468414306640625
2022-03-18,17.684188842773438
2022-03-21,18.00316047668457
2022-03-22,18.078214645385742
2022-03-23,18.03130340576172
2022-03-24,18.012542724609375
2022-03-25,17.965633392333984
2022-03-28,17.749858856201172
2022-03-29,17.92810821533203
2022-03-30,17.82491111755371
2022-03-31,17.702951431274414
2022-04-01,18.00316047668457
2022-04-04,18.247079849243164
2022-04-05,18.078214645385742
2022-04-06,17.881200790405273
2022-04-07,17.81553077697754
2022-04-08,17.609134674072266
2022-04-11,17.53408432006836
2022-04-12,17.412124633789062
2022-04-13,17.590373992919922
2022-04-14,17.393362045288086
2022-04-18,16.886760711669922
2022-04-19,16.60531234741211
2022-04-20,16.427064895629883
2022-04-21,16.28634262084961
2022-04-22,16.19252586364746
2022-04-25,15.573343276977539
2022-04-26,15.685922622680664
2022-04-27,15.911078453063965
2022-04-28,15.85478687286377
2022-04-29,15.986132621765137
2022-05-02,16.042421340942383
2022-05-03,16.154998779296875
2022-05-04,16.004892349243164
2022-05-05,15.81726360321045
2022-05-06,15.592106819152832
2022-05-09,14.766530990600586
2022-05-10,15.141793251037598
2022-05-11,15.094886779785156
2022-05-12,14.334980964660645
2022-05-13,14.288073539733887
2022-05-16,14.034771919250488
2022-05-17,14.682097434997559
2022-05-18,14.46632194519043
2022-05-19,14.635190963745117
2022-05-20,14.522611618041992
2022-05-23,14.363125801086426
2022-05-24,14.447559356689453
2022-05-25,14.738388061523438
2022-05-26,14.766530990600586
2022-05-27,14.916635513305664
2022-05-31,15.047979354858398
2022-06-01,15.066740036010742
2022-06-02,15.029214859008789
2022-06-03,14.832202911376953
2022-06-06,14.822821617126465
2022-06-07,14.916635513305664
2022-06-08,14.972926139831543
2022-06-09,14.944781303405762
2022-06-10,14.682097434997559
2022-06-13,14.025390625
2022-06-14,14.119206428527832
2022-06-15,14.053534507751465
2022-06-16,13.96910285949707
2022-06-17,13.903429985046387
2022-06-21,13.640748023986816
2022-06-22,13.556314468383789
2022-06-23,13.74394416809082
2022-06-24,13.875286102294922
2022-06-27,13.894050598144531
2022-06-28,13.903429985046387
2022-06-29,13.800233840942383
2022-06-30,13.509407043457031
2022-07-01,13.58445930480957
2022-07-05,13.218578338623047
2022-07-06,12.946514129638672
2022-07-07,13.284250259399414
2022-07-08,13.396827697753906
2022-07-11,13.30301284790039
2022-07-12,13.453117370605469
2022-07-13,13.331157684326172
2022-07-14,13.453117370605469
2022-07-15,13.537551879882812
2022-07-18,13.387447357177734
2022-07-19,13.621984481811523
2022-07-20,13.70641803741455
2022-07-21,13.753325462341309
2022-07-22,13.60322093963623
2022-07-25,13.668892860412598
2022-07-26,13.453117370605469
2022-07-27,13.70641803741455
2022-07-28,13.884666442871094
2022-07-29,13.81899642944336
2022-08-01,14.100442886352539
2022-08-02,14.128588676452637
2022-08-03,14.278693199157715
2022-08-04,14.316219329833984
2022-08-05,14.344362258911133
2022-08-08,14.410033226013184
2022-08-09,14.46632194519043
2022-08-10,14.55075740814209
2022-08-11,14.475704193115234
2022-08-12,14.700860977172852
2022-08-15,14.738388061523438
2022-08-16,14.710243225097656
2022-08-17,14.766530990600586
2022-08-18,14.672717094421387
2022-08-19,14.494467735290527
2022-08-22,14.334980964660645
2022-08-23,14.51323127746582
2022-08-24,14.635190963745117
2022-08-25,14.804058074951172
2022-08-26,14.391270637512207
2022-08-29,14.297455787658691
2022-08-30,14.23178482055664
2022-08-31,14.381889343261719
2022-09-01,14.297455787658691
2022-09-02,14.23178482055664
2022-09-06,14.119206428527832
2022-09-07,13.95971965789795
2022-09-08,13.940957069396973
2022-09-09,14.119206428527832
2022-09-12,14.213020324707031
2022-09-13,13.753325462341309
2022-09-14,13.86590576171875
2022-09-15,13.74394416809082
2022-09-16,13.612604141235352
2022-09-19,13.48126220703125
2022-09-20,13.509407043457031
2022-09-21,13.462498664855957
2022-09-22,13.32177448272705
2022-09-23,13.181053161621094
2022-09-26,12.749502182006836
2022-09-27,12.711977005004883
2022-09-28,12.665068626403809
2022-09-29,12.271045684814453
2022-09-30,12.477437973022461
2022-10-03,12.064650535583496
2022-10-04,12.064650535583496
2022-10-05,12.21475601196289
2022-10-06,11.88640308380127
2022-10-07,11.642480850219727
2022-10-10,11.651863098144531
2022-10-11,11.285983085632324
2022-10-12,11.567429542541504
2022-10-13,11.745678901672363
2022-10-14,11.52052116394043
2022-10-17,11.567429542541504
2022-10-18,11.642480850219727
2022-10-19,11.4642333984375
2022-10-20,11.379798889160156
2022-10-21,11.135878562927246
2022-10-24,10.65742015838623
2022-10-25,10.648039817810059
2022-10-26,10.760618209838867
2022-10-27,11.042064666748047
2022-10-28,11.023300170898438
2022-10-31,10.957629203796387
2022-11-01,10.826288223266602
2022-11-02,10.769998550415039
2022-11-03,10.666801452636719
2022-11-04,10.638656616210938
2022-11-07,10.366592407226562
2022-11-08,10.554224014282227
2022-11-09,10.329068183898926
2022-11-10,10.282158851623535
2022-11-11,10.51669692993164
2022-11-14,10.263395309448242
2022-11-15,10.225870132446289
2022-11-16,10.563605308532715
2022-11-17,10.769998550415039
2022-11-18,10.676183700561523
2022-11-21,10.479171752929688
2022-11-22,10.460408210754395
2022-11-23,10.432263374328613
2022-11-25,10.854432106018066
2022-11-28,11.070208549499512
2022-11-29,11.44546890258789
2022-11-30,11.989599227905273
2022-12-01,11.62371826171875
2022-12-02,12.04588794708252
2022-12-05,12.23351764678955
2022-12-06,11.736297607421875
2022-12-07,11.914546012878418
2022-12-08,12.027124404907227
2022-12-09,12.055268287658691
2022-12-12,11.792586326599121
2022-12-13,11.989599227905273
2022-12-14,11.895783424377441
2022-12-15,11.830111503601074
2022-12-16,11.736297607421875
2022-12-19,11.500605583190918
2022-12-20,11.339691162109375
2022-12-21,11.41541576385498
2022-12-22,11.311295509338379
2022-12-23,11.491140365600586
2022-12-27,11.282898902893066
2022-12-28,11.219464302062988
2022-12-29,11.25733470916748
2022-12-30,11.209996223449707
2023-01-03,11.654987335205078
2023-01-04,11.730730056762695
2023-01-05,11.673922538757324
2023-01-06,11.76860237121582
2023-01-09,11.71179485321045
2023-01-10,11.787537574768066
2023-01-11,11.939023971557617
2023-01-12,11.863280296325684
2023-01-13,11.825408935546875
2023-01-17,12.10944652557373
2023-01-18,12.033702850341797
2023-01-19,12.204126358032227
2023-01-20,12.336675643920898
2023-01-23,12.431354522705078
2023-01-24,12.270400047302246
2023-01-25,12.09997844696045
2023-01-26,12.241997718811035
2023-01-27,12.308272361755371
2023-01-30,11.976895332336426
2023-01-31,12.204126358032227
2023-02-01,12.014766693115234
2023-02-02,11.872749328613281
2023-02-03,11.61711597442627
2023-02-06,11.702325820922852
2023-02-07,11.61711597442627
2023-02-08,11.446693420410156
2023-02-09,11.32361125946045
2023-02-10,11.314142227172852
2023-02-13,11.228931427001953
2023-02-14,11.20052719116211
2023-02-15,11.228931427001953
2023-02-16,11.361481666564941
2023-02-17,11.247867584228516
2023-02-21,11.408822059631348
2023-02-22,11.134251594543457
2023-02-23,11.077444076538086
2023-02-24,10.86915111541748
2023-02-27,10.641921043395996
2023-02-28,10.660857200622559
2023-03-01,10.973298072814941
2023-03-02,10.954360961914062
2023-03-03,10.954360961914062
2023-03-06,10.86915111541748
2023-03-07,10.907024383544922
2023-03-08,11.115316390991211
2023-03-09,11.020637512207031
2023-03-10,11.039573669433594
2023-03-13,11.067976951599121
2023-03-14,10.992234230041504
2023-03-15,11.067976951599121
2023-03-16,11.228931427001953
2023-03-17,11.011170387268066
2023-03-20,10.86915111541748
2023-03-21,11.134251594543457
2023-03-22,11.124784469604492
2023-03-23,11.1626558303833
2023-03-24,11.20052719116211
2023-03-27,11.437225341796875
2023-03-28,11.446693420410156
2023-03-29,11.503500938415527
2023-03-30,11.503500938415527
2023-03-31,11.531905174255371
2023-04-03,11.797005653381348
2023-04-04,11.759134292602539
2023-04-05,11.730730056762695
2023-04-06,11.636052131652832
2023-04-10,11.645519256591797
2023-04-11,11.636052131652832
2023-04-12,11.626583099365234
2023-04-13,11.588711738586426
2023-04-14,11.437225341796875
2023-04-17,11.465628623962402
2023-04-18,11.484564781188965
2023-04-19,11.32361125946045
2023-04-20,11.342545509338379
2023-04-21,11.266802787780762
2023-04-24,11.228931427001953
2023-04-25,11.049041748046875
2023-04-26,11.1626558303833
2023-04-27,11.314142227172852
2023-04-28,11.503500938415527
2023-05-01,11.408822059631348
2023-05-02,11.314142227172852
2023-05-03,11.285738945007324
2023-05-04,11.25733470916748
2023-05-05,11.361481666564941
2023-05-08,11.437225341796875
2023-05-09,11.408822059631348
2023-05-10,11.607647895812988
2023-05-11,11.721261978149414
2023-05-12,11.825408935546875
2023-05-15,11.806473731994629
2023-05-16,11.778069496154785
2023-05-17,11.683390617370605
2023-05-18,11.740198135375977
2023-05-19,11.71179485321045
2023-05-22,11.797005653381348
2023-05-23,11.683390617370605
2023-05-24,11.598179817199707
2023-05-25,11.683390617370605
2023-05-26,11.645519256591797
2023-05-30,11.778069496154785
2023-05-31,11.76860237121582
2023-06-01,12.128382682800293
2023-06-02,12.175722122192383
2023-06-05,12.147316932678223
2023-06-06,12.40295124053955
2023-06-07,12.440823554992676
2023-06-08,12.308272361755371
2023-06-09,12.450289726257324
2023-06-12,12.611244201660156
2023-06-13,12.6396484375
2023-06-14,12.535501480102539
2023-06-15,12.469226837158203
2023-06-16,12.431354522705078
2023-06-20,12.412419319152832
2023-06-21,12.630181312561035
2023-06-22,12.829008102416992
2023-06-23,12.819538116455078
2023-06-26,12.819538116455078
2023-06-27,12.90475082397461
2023-06-28,12.857410430908203
2023-06-29,12.601778030395508
2023-06-30,12.592309951782227
2023-07-03,12.582840919494629
2023-07-05,12.743795394897461
2023-07-06,12.516566276550293
2023-07-07,12.73432731628418
2023-07-10,12.999427795410156
2023-07-11,12.980493545532227
2023-07-12,13.084640502929688
2023-07-13,13.2550630569458
2023-07-14,13.302401542663574
2023-07-17,13.340272903442383
2023-07-18,13.34974193572998
2023-07-19,13.217190742492676
2023-07-20,13.2550630569458
2023-07-21,13.567502975463867
2023-07-24,13.7284574508667
2023-07-25,13.652713775634766
2023-07-26,13.794733047485352
2023-07-27,13.671649932861328
2023-07-28,14.021963119506836
2023-07-31,14.249191284179688
2023-08-01,14.012494087219238
2023-08-02,13.842072486877441
2023-08-03,13.870475769042969
2023-08-04,14.277596473693848
2023-08-07,14.514293670654297
2023-08-08,14.457486152648926
2023-08-09,14.258660316467285
2023-08-10,14.126110076904297
2023-08-11,14.372274398803711
2023-08-14,14.665780067443848
2023-08-15,14.391210556030273
2023-08-16,14.476421356201172
2023-08-17,14.305999755859375
2023-08-18,13.425484657287598
2023-08-21,13.576972007751465
2023-08-22,13.614843368530273
2023-08-23,13.558035850524902
2023-08-24,13.7284574508667
2023-08-25,13.804200172424316
2023-08-28,14.1166410446167
2023-08-29,14.126110076904297
2023-08-30,14.192383766174316
2023-08-31,14.353338241577148
2023-09-01,14.324934959411621
2023-09-05,14.429081916809082
2023-09-06,14.665780067443848
2023-09-07,14.608972549438477
2023-09-08,14.637375831604004
2023-09-11,14.448019027709961
2023-09-12,14.779394149780273
2023-09-13,14.514293670654297
2023-09-14,14.258660316467285
2023-09-15,14.154513359069824
2023-09-18,14.021963119506836
2023-09-19,13.92728328704834
2023-09-20,14.126110076904297
2023-09-21,13.898880004882812
2023-09-22,13.425484657287598
2023-09-25,12.753263473510742
2023-09-26,12.526034355163574
2023-09-27,12.866878509521484
2023-09-28,12.800603866577148
2023-09-29,12.819538116455078
2023-10-02,12.933154106140137
2023-10-03,12.223061561584473
2023-10-04,12.478694915771484
2023-10-05,12.336675643920898
2023-10-06,12.658584594726562
2023-10-09,12.781667709350586
2023-10-10,12.829008102416992
2023-10-11,12.923685073852539
2023-10-12,12.9520902633667
2023-10-13,12.971025466918945
2023-10-16,12.781667709350586
2023-10-17,12.440823554992676
2023-10-18,12.09997844696045
2023-10-19,11.702325820922852
2023-10-20,12.081043243408203
2023-10-23,11.995832443237305
2023-10-24,12.260932922363281
2023-10-25,12.024234771728516
2023-10-26,11.399353981018066
2023-10-27,11.408822059631348
2023-10-30,11.20052719116211
2023-10-31,10.944894790649414
2023-11-01,11.20052719116211
2023-11-02,11.797005653381348
2023-11-03,11.863280296325684
2023-11-06,12.071574211120605
2023-11-07,11.910619735717773
2023-11-08,12.40295124053955
2023-11-09,12.469226837158203
2023-11-10,12.478694915771484
2023-11-13,12.412419319152832
2023-11-14,12.658584594726562
2023-11-15,12.696455955505371
2023-11-16,12.762731552124023
2023-11-17,12.412419319152832
2023-11-20,12.573372840881348
2023-11-21,12.658584594726562
2023-11-22,12.829008102416992
2023-11-24,12.440823554992676
2023-11-27,12.365080833435059
2023-11-28,12.459757804870605
2023-11-29,12.554437637329102
2023-11-30,12.40295124053955
2023-12-01,12.601778030395508
2023-12-04,12.866878509521484
2023-12-05,12.838475227355957
2023-12-06,12.9520902633667
2023-12-07,12.819538116455078
2023-12-08,12.762731552124023
2023-12-11,12.90475082397461
2023-12-12,12.829008102416992
2023-12-13,12.68698787689209
2023-12-14,12.592309951782227
2023-12-15,12.440823554992676
2023-12-18,12.346158981323242
2023-12-19,12.465734481811523
2023-12-20,12.455769538879395
2023-12-21,12.545452117919922
2023-12-22,12.575345039367676
2023-12-26,12.83442497253418
2023-12-27,12.793509483337402
2023-12-28,12.883323669433594
2023-12-29,12.893302917480469
2024-01-02,12.693717002868652
2024-01-03,12.823448181152344
2024-01-04,12.90328311920166
2024-01-05,13.092889785766602
2024-01-08,13.132806777954102
2024-01-09,13.023035049438477
2024-01-10,12.90328311920166
2024-01-11,12.883323669433594
2024-01-12,12.703695297241211
2024-01-16,12.723654747009277
2024-01-17,12.603902816772461
2024-01-18,12.883323669433594
2024-01-19,12.90328311920166
2024-01-22,12.893302917480469
2024-01-23,12.793509483337402
2024-01-24,12.813468933105469
2024-01-25,12.783531188964844
2024-01-26,12.843406677246094
2024-01-29,12.773550987243652
2024-01-30,12.913261413574219
2024-01-31,12.673757553100586
2024-02-01,12.863365173339844
2024-02-02,12.913261413574219
2024-02-05,12.873344421386719
2024-02-06,12.923240661621094
2024-02-07,13.023035049438477
2024-02-08,13.052972793579102
2024-02-09,13.04299259185791
2024-02-12,13.122827529907227
2024-02-13,12.96315860748291
2024-02-14,13.00307559967041
2024-02-15,13.052972793579102
2024-02-16,13.142786979675293
2024-02-20,13.512022018432617
2024-02-21,13.3922700881958
2024-02-22,13.34237289428711
2024-02-23,13.033014297485352
2024-02-26,13.033014297485352
2024-02-27,13.272518157958984
2024-02-28,13.492063522338867
2024-02-29,13.482084274291992
2024-03-01,13.571898460388184
2024-03-04,13.551939010620117
2024-03-05,13.561919212341309
2024-03-06,13.492063522338867
2024-03-07,13.75152587890625
2024-03-08,13.4321870803833
2024-03-11,13.272518157958984
2024-03-12,13.322415351867676
2024-03-13,13.581876754760742
2024-03-14,13.531981468200684
2024-03-15,13.492063522338867
2024-03-18,13.312435150146484
2024-03-19,13.372310638427734
2024-03-20,13.541959762573242
2024-03-21,13.641753196716309
2024-03-22,13.701628684997559
2024-03-25,13.591856956481934
2024-03-26,13.691650390625
2024-03-27,13.801423072814941
2024-03-28,13.871277809143066
2024-04-01,13.621794700622559
2024-04-02,13.611815452575684
2024-04-03,13.531981468200684
2024-04-04,13.402249336242676
2024-04-05,13.34237289428711
2024-04-08,13.222620964050293
2024-04-09,13.3523530960083
2024-04-10,13.292476654052734
2024-04-11,13.34237289428711
2024-04-12,13.232601165771484
2024-04-15,12.524067878723145
2024-04-16,12.384356498718262
2024-04-17,12.094956398010254
2024-04-18,12.114914894104004
2024-04-19,11.825514793395996
2024-04-22,12.144852638244629
2024-04-23,11.985183715820312
2024-04-24,12.184770584106445
2024-04-25,12.224687576293945
2024-04-26,12.274584770202637
2024-04-29,12.334460258483887
2024-04-30,12.174790382385254
2024-05-01,12.15483283996582
2024-05-02,12.274584770202637
2024-05-03,12.374377250671387
2024-05-06,12.623860359191895
2024-05-07,12.643819808959961
2024-05-08,12.663778305053711
2024-05-09,12.653799057006836
2024-05-10,12.53404712677002
2024-05-13,12.524067878723145
2024-05-14,12.544026374816895
2024-05-15,12.793509483337402
2024-05-16,12.823448181152344
2024-05-17,12.923240661621094
2024-05-20,12.94320011138916
2024-05-21,12.873344421386719
2024-05-22,12.703695297241211
2024-05-23,12.813468933105469
2024-05-24,12.573965072631836
2024-05-28,12.793509483337402
2024-05-29,12.643819808959961
2024-05-30,12.583943367004395
2024-05-31,12.583943367004395
2024-06-03,12.763571739196777
2024-06-04,12.803488731384277
2024-06-05,12.883323669433594
2024-06-06,12.783531188964844
2024-06-07,12.783531188964844
2024-06-10,12.813468933105469
2024-06-11,12.623860359191895
2024-06-12,12.923240661621094
2024-06-13,12.893302917480469
2024-06-14,12.673757553100586
2024-06-17,12.623860359191895
2024-06-18,12.683736801147461
2024-06-20,12.404315948486328
2024-06-21,12.424274444580078
2024-06-24,12.204728126525879
2024-06-25,12.274584770202637
2024-06-26,12.25462532043457
2024-06-27,12.264604568481445
2024-06-28,12.144852638244629
2024-07-01,12.274584770202637
2024-07-02,12.374377250671387
2024-07-03,12.434253692626953
2024-07-05,12.424274444580078
2024-07-08,12.354418754577637
2024-07-09,12.464191436767578
2024-07-10,12.454212188720703
2024-07-11,12.414294242858887
2024-07-12,12.424274444580078
2024-07-15,12.324481010437012
2024-07-16,12.314501762390137
2024-07-17,12.045059204101562
2024-07-18,12.134873390197754
2024-07-19,12.025100708007812
2024-07-22,12.045059204101562
2024-07-23,11.84547233581543
2024-07-24,11.875410079956055
2024-07-25,11.895369529724121
2024-07-26,12.025100708007812
2024-07-29,11.985183715820312
2024-07-30,11.935286521911621
2024-07-31,12.045059204101562
2024-08-01,11.685803413391113
2024-08-02,11.74567985534668
2024-08-05,11.376443862915039
2024-08-06,11.635906219482422
2024-08-07,11.685803413391113
2024-08-08,11.795576095581055
2024-08-09,11.815534591674805
2024-08-12,11.84547233581543
2024-08-13,11.84547233581543
2024-08-14,11.835493087768555
2024-08-15,11.815534591674805
2024-08-16,12.124894142150879
2024-08-19,12.314501762390137
2024-08-20,12.444232940673828
2024-08-21,12.51408863067627
2024-08-22,12.384356498718262
2024-08-23,12.53404712677002
2024-08-26,12.524067878723145
2024-08-27,12.633840560913086
2024-08-28,12.474170684814453
2024-08-29,12.544026374816895
2024-08-30,12.524067878723145
2024-09-03,12.354418754577637
2024-09-04,12.474170684814453
2024-09-05,12.484150886535645
2024-09-06,12.544026374816895
2024-09-09,12.573965072631836
2024-09-10,12.424274444580078
2024-09-11,12.404315948486328
2024-09-12,12.374377250671387
2024-09-13,12.354418754577637
2024-09-16,12.184770584106445
2024-09-17,12.454212188720703
2024-09-18,12.444232940673828
2024-09-19,12.583943367004395
2024-09-20,12.51408863067627
2024-09-23,12.544026374816895
2024-09-24,12.643819808959961
2024-09-25,12.693717002868652
2024-09-26,12.733633995056152
2024-09-27,12.773550987243652
2024-09-30,12.753592491149902
2024-10-01,12.813468933105469
2024-10-02,12.673757553100586
2024-10-03,12.49413013458252
2024-10-04,12.454212188720703
2024-10-07,12.364398956298828
2024-10-08,12.424274444580078
2024-10-09,12.573965072631836
2024-10-10,12.474170684814453
2024-10-11,12.623860359191895
2024-10-14,12.59392261505127
2024-10-15,12.324481010437012
2024-10-16,12.314501762390137
2024-10-17,12.304522514343262
2024-10-18,12.224687576293945
2024-10-21,12.19474983215332
2024-10-22,12.094956398010254
2024-10-23,12.025100708007812
2024-10-24,11.925307273864746
2024-10-25,11.885390281677246
2024-10-28,11.885390281677246
2024-10-29,11.955245018005371
2024-10-30,11.875410079956055
2024-10-31,11.885390281677246
2024-11-01,11.78559684753418
2024-11-04,11.715741157531738
2024-11-05,11.74567985534668
2024-11-06,11.975204467773438
2024-11-07,11.985183715820312
2024-11-08,11.895369529724121
2024-11-11,11.895369529724121
2024-11-12,11.775617599487305
2024-11-13,11.755658149719238
2024-11-14,11.576030731201172
2024-11-15,11.376443862915039
2024-11-18,11.476237297058105
2024-11-19,11.366464614868164
2024-11-20,11.476237297058105
2024-11-21,11.605968475341797
2024-11-22,11.566051483154297
2024-11-25,11.695782661437988
2024-11-26,11.725720405578613
2024-11-27,11.635906219482422
2024-11-29,11.735700607299805
2024-12-02,11.695782661437988
2024-12-03,11.595989227294922
2024-12-04,11.50617504119873
2024-12-05,11.915328025817871
2024-12-06,11.945266723632812
2024-12-09,11.955245018005371
2024-12-10,11.905348777770996
2024-12-11,11.885390281677246
2024-12-12,11.815534591674805
2024-12-13,11.705761909484863
2024-12-16,11.80555534362793
2024-12-17,11.715741157531738
2024-12-18,11.615948677062988
2024-12-19,11.605968475341797
2024-12-20,11.625926971435547
2024-12-23,11.635906219482422
2024-12-24,11.635906219482422
2024-12-26,11.685803413391113
2024-12-27,11.516154289245605
2024-12-30,11.526134490966797
2024-12-31,11.456277847290039
2025-01-02,11.536113739013672
2025-01-03,11.496196746826172
2025-01-06,11.436320304870605
2025-01-07,11.276650428771973
2025-01-08,11.346506118774414
2025-01-10,11.107002258300781
2025-01-13,11.236733436584473
2025-01-14,11.136940002441406
2025-01-15,11.296608924865723
2025-01-16,11.266671180725098
2025-01-17,11.356485366821289
2025-01-21,11.376443862915039
2025-01-22,11.346506118774414
2025-01-23,11.516154289245605
2025-01-24,11.576030731201172
2025-01-27,11.516154289245605
2025-01-28,11.566051483154297
2025-01-29,11.536113739013672
2025-01-30,11.566051483154297
2025-01-31,11.536113739013672
2025-02-03,11.416360855102539
2025-02-04,11.536113739013672
2025-02-05,11.655865669250488
2025-02-06,11.566051483154297
2025-02-07,11.436320304870605
2025-02-10,11.376443862915039
2025-02-11,11.316568374633789
2025-02-12,11.306588172912598
2025-02-13,11.46625804901123
2025-02-14,11.456277847290039
2025-02-18,11.48621654510498
2025-02-19,11.74567985534668
2025-02-20,11.795576095581055
2025-02-21,11.725720405578613
2025-02-24,11.925307273864746
2025-02-25,11.915328025817871
2025-02-26,11.865431785583496
2025-02-27,11.945266723632812
2025-02-28,12.015121459960938
2025-03-03,12.015121459960938
2025-03-04,11.945266723632812
2025-03-05,11.925307273864746
2025-03-06,12.174790382385254
2025-03-07,12.374377250671387
2025-03-10,12.21470832824707
2025-03-11,12.384356498718262
2025-03-12,12.55400562286377
2025-03-13,12.414294242858887
2025-03-14,12.633840560913086
2025-03-17,12.733633995056152
2025-03-18,12.59392261505127
2025-03-19,12.573965072631836
2025-03-20,12.374377250671387
2025-03-21,12.51408863067627
2025-03-24,12.673757553100586
2025-03-25,12.663778305053711
2025-03-26,12.464191436767578
2025-03-27,12.53404712677002
2025-03-28,12.354418754577637
2025-03-31,12.454212188720703
2025-04-01,12.53404712677002
2025-04-02,12.673757553100586
2025-04-03,11.376443862915039
2025-04-04,11.615948677062988
2025-04-07,11.136940002441406
2025-04-08,10.109067916870117
2025-04-09,11.436320304870605
2025-04-10,11.286630630493164
2025-04-11,11.84547233581543
2025-04-14,11.905348777770996
2025-04-15,11.715741157531738
2025-04-16,11.476237297058105
2025-04-17,11.705761909484863
2025-04-21,11.48621654510498
2025-04-22,11.615948677062988
2025-04-23,11.595989227294922
2025-04-24,11.975204467773438
2025-04-25,11.985183715820312
2025-04-28,11.925307273864746
2025-04-29,12.025100708007812
2025-04-30,12.045059204101562
2025-05-01,12.084976196289062
2025-05-02,12.21470832824707
2025-05-05,12.244647026062012
2025-05-06,12.19474983215332
2025-05-07,12.394336700439453
2025-05-08,12.573965072631836
2025-05-09,12.464191436767578
2025-05-12,12.663778305053711
2025-05-13,12.713674545288086
2025-05-14,12.793509483337402
2025-05-15,12.783531188964844
2025-05-16,12.723654747009277
2025-05-19,12.843406677246094
2025-05-20,13.062952041625977
2025-05-21,13.182703971862793
2025-05-22,13.142786979675293
2025-05-23,13.112849235534668
2025-05-27,13.561919212341309
2025-05-28,13.681671142578125
2025-05-29,13.482084274291992
2025-05-30,13.561919212341309
2025-06-02,13.781464576721191
2025-06-03,13.931154251098633
2025-06-04,13.831360816955566
2025-06-05,13.71160888671875
2025-06-06,13.611815452575684
2025-06-09,13.232601165771484
2025-06-10,13.372310638427734
2025-06-11,13.292476654052734
2025-06-12,13.332393646240234
2025-06-13,12.993097305297852
2025-06-16,13.232601165771484
2025-06-17,13.28249740600586
2025-06-18,13.332393646240234
2025-06-20,13.322415351867676
2025-06-23,13.372310638427734
2025-06-24,13.591856956481934
2025-06-25,13.512022018432617
2025-06-26,13.581876754760742
2025-06-27,13.701628684997559
2025-06-30,13.721588134765625
2025-07-01,13.691650390625
2025-07-02,13.7315673828125
2025-07-03,13.931154251098633
2025-07-07,14.150699615478516
2025-07-08,14.48001766204834
2025-07-09,14.859232902526855
2025-07-10,15.088757514953613
2025-07-11,15.18855094909668
2025-07-14,15.20850944519043
2025-07-15,15.008922576904297
2025-07-16,15.378157615661621
2025-07-17,15.63762092590332
2025-07-18,15.547806739807129
2025-07-21,15.318282127380371
2025-07-22,15.787310600280762
2025-07-23,15.966938972473145
2025-07-24,15.966938972473145
2025-07-25,16.43596649169922
2025-07-28,16.74532699584961
2025-07-29,15.867145538330078
2025-07-30,15.996877670288086
2025-07-31,15.97691822052002
2025-08-01,15.917041778564453
2025-08-04,16.545740127563477
2025-08-05,16.635555267333984
2025-08-06,17.0546875
2025-08-07,16.76528549194336
2025-08-08,17.144500732421875
2025-08-11,17.234315872192383
2025-08-12,17.403963088989258
2025-08-13,17.423921585083008
2025-08-14,17.723302841186523
2025-08-15,17.673404693603516
2025-08-18,17.803136825561523
2025-08-19,17.863012313842773
2025-08-20,17.6534481048584
2025-08-21,17.56363296508789
2025-08-22,17.324129104614258
2025-08-25,17.184417724609375
2025-08-26,17.922887802124023
2025-08-27,17.982765197753906
2025-08-28,18.28214454650879
2025-08-29,18.252208709716797
2025-09-02,18.102516174316406
2025-09-03,18.212289810180664
2025-09-04,18.391918182373047
2025-09-05,17.9328670501709
2025-09-08,17.334108352661133
2025-09-09,17.633487701416016
2025-09-10,17.71332359313965
2025-09-11,17.99274444580078
2025-09-12,17.9328670501709
2025-09-15,18.36197853088379
2025-09-16,18.022682189941406
2025-09-17,17.843053817749023
2025-09-18,17.76321792602539
2025-09-19,17.64346694946289
2025-09-22,17.493778228759766
2025-09-23,17.254274368286133
2025-09-24,17.54367446899414
2025-09-25,17.633487701416016
2025-09-26,17.513734817504883
2025-09-29,17.6534481048584
2025-09-30,17.803136825561523
2025-10-01,18.002723693847656
2025-10-02,17.48379898071289
2025-10-03,17.493778228759766
2025-10-06,18.391918182373047
2025-10-07,18.192331314086914
2025-10-08,18.391918182373047
2025-10-09,18.71125602722168
2025-10-10,18.940780639648438
2025-10-13,19.54952049255371
2025-10-14,19.649314880371094
2025-10-15,19.379871368408203
2025-10-16,19.599416732788086
2025-10-17,19.160327911376953
2025-10-20,18.16239356994629
2025-10-21,18.01270294189453
2025-10-22,18.132455825805664
2025-10-23,18.252208709716797
2025-10-24,18.17237091064453
2025-10-27,17.70334243774414
2025-10-28,18.14243507385254
2025-10-29,18.11249542236328
2025-10-30,17.673404693603516
2025-10-31,17.393983840942383
2025-11-03,17.0546875
2025-11-04,17.493778228759766
2025-11-05,17.533695220947266
2025-11-06,17.284210205078125
2025-11-07,16.84511947631836
2025-11-10,16.67547035217285
2025-11-11,16.895017623901367
2025-11-12,17.493778228759766
2025-11-13,17.384004592895508
2025-11-14,17.553653717041016
2025-11-17,17.62350845336914
2025-11-18,17.693363189697266
2025-11-19,17.573612213134766
2025-11-20,17.413944244384766
2025-11-21,17.68338394165039
2025-11-24,17.87299156188965
2025-11-25,17.71332359313965
2025-11-26,18.20231056213379
2025-11-28,18.30210304260254
2025-12-01,18.34202003479004
2025-12-02,18.61146354675293
2025-12-03,18.65138053894043
2025-12-04,18.55158805847168
2025-12-05,18.61146354675293
2025-12-08,18.681318283081055
2025-12-09,18.61146354675293
2025-12-10,18.24222755432129
2025-12-11,18.232248306274414
2025-12-12,17.453859329223633
2025-12-15,17.384004592895508
2025-12-16,17.8131160736084
2025-12-17,17.50375747680664
2025-12-18,17.843053817749023
2025-12-19,18.351999282836914
2025-12-22,18.610000610351562
2025-12-23,19.079999923706055
2025-12-24,19.010000228881836
2025-12-26,18.399999618530273
2025-12-29,18.920000076293945
2025-12-30,19.010000228881836
2025-12-31,19.079999923706055
2026-01-02,19.110000610351562
2026-01-05,19.020000457763672
2026-01-06,19.43000030517578
2026-01-07,19.440000534057617
2026-01-08,19.309999465942383
2026-01-09,19.280000686645508
2026-01-12,19.670000076293945
2026-01-13,19.799999237060547
2026-01-14,19.690000534057617
2026-01-15,19.530000686645508
2026-01-16,19.729999542236328
2026-01-20,19.510000228881836
2026-01-21,19.389999389648438
2026-01-22,19.6299991607666
2026-01-23,19.420000076293945
2026-01-26,18.90999984741211
2026-01-27,18.760000228881836
2026-01-28,18.5
2026-01-29,18.809999465942383
2026-01-30,19.06999969482422
2026-02-02,18.770000457763672
2026-02-03,18.450000762939453
2026-02-04,18.610000610351562
2026-02-05,18.1200008392334
2026-02-06,18.030000686645508
2026-02-09,18.049999237060547
2026-02-10,18.079999923706055
2026-02-11,18.709999084472656
2026-02-12,18.510000228881836
2026-02-13,18.889999389648438
2026-02-17,18.729999542236328
2026-02-18,18.770000457763672
2026-02-19,18.760000228881836
2026-02-20,19.290000915527344
2026-02-23,19.229999542236328
2026-02-24,19.25
2026-02-25,19.09000015258789
2026-02-26,19.15999984741211
2026-02-27,19.079999923706055
2026-03-02,18.6299991607666
2026-03-03,18.1200008392334
2026-03-04,18.299999237060547
2026-03-05,18.020000457763672
2026-03-06,17.450000762939453
2026-03-09,17.229999542236328
2026-03-10,17.059999465942383
2026-03-11,17.40999984741211
2026-03-12,16.75
2026-03-13,16.709999084472656
2026-03-16,17.299999237060547
2026-03-17,17.31999969482422
2026-03-18,17.030000686645508
2026-03-19,16.979999542236328
2026-03-20,16.43000030517578
2026-03-23,16.420000076293945
2026-03-24,16.459999084472656
2026-03-25,16.799999237060547
2026-03-26,16.479999542236328
2026-03-27,16.719999313354492
2026-03-30,16.850000381469727
2026-03-31,17.309999465942383
2026-04-01,17.40999984741211
2026-04-02,17.469999313354492
2026-04-06,17.149999618530273
2026-04-07,17.309999465942383
2026-04-08,18.420000076293945
2026-04-09,18.350000381469727
2026-04-10,18.200000762939453
2026-04-13,18.299999237060547
2026-04-14,18.43000030517578
2026-04-15,18.65999984741211
2026-04-16,18.719999313354492
2026-04-17,19.040000915527344
2026-04-20,19.06999969482422
2026-04-21,18.860000610351562
2026-04-22,19.399999618530273
2026-04-23,19.149999618530273
2026-04-24,18.90999984741211
2026-04-27,18.790000915527344
2026-04-28,19.139999389648438
2026-04-29,18.81999969482422
2026-04-30,18.84000015258789
2026-05-01,19.09000015258789
2026-05-04,18.770000457763672
2026-05-05,19.1200008392334
2026-05-06,19.540000915527344
2026-05-07,19.520000457763672
2026-05-08,19.770000457763672
2026-05-11,19.489999771118164
2026-05-12,19.43000030517578
2026-05-13,19.25
2026-05-14,19.489999771118164
2026-05-15,19.190000534057617
2026-05-18,19.309999465942383
2026-05-19,19.110000610351562
2026-05-20,19.309999465942383
2026-05-21,18.979999542236328
2026-05-22,18.75
2026-05-26,18.8700008392334
2026-05-27,18.739999771118164
2026-05-28,18.68000030517578
2026-05-29,18.700000762939453
2026-06-01,18.440000534057617
2026-06-02,18.1299991607666
2026-06-03,18.020000457763672
2026-06-04,18.25
2026-06-05,17.989999771118164
2026-06-08,17.760000228881836
2026-06-09,17.709999084472656
2026-06-10,17.809999465942383
2026-06-11,18.040000915527344
2026-06-12,17.809999465942383
2026-06-15,18.1200008392334
2026-06-16,18.100000381469727
2026-06-17,17.8700008392334
2026-06-18,18.350000381469727
2026-06-22,18.649999618530273
2026-06-23,18.190000534057617
2026-06-24,18.3700008392334
2026-06-25,18.15999984741211
2026-06-26,18.360000610351562
2026-06-29,18.440000534057617
2026-06-30,18.469999313354492
2026-07-01,18.530000686645508
2026-07-02,18.489999771118164
2026-07-06,18.190000534057617
2026-07-07,18.09000015258789
2026-07-08,18.219999313354492
2026-07-09,18.09000015258789
2026-07-10,17.979999542236328
2026-07-13,17.530000686645508
2026-07-14,17.670000076293945
2026-07-15,17.34000015258789
2026-07-16,17.459999084472656
2026-07-17,17.34000015258789
2026-07-20,16.84000015258789
2026-07-21,16.93000030517578
2026-07-22,16.479999542236328
2026-07-23,16.65999984741211
2026-07-24,16.459999084472656
2026-07-27,16.34000015258789
2026-07-28,16.579999923706055
2026-07-29,16.540000915527344
2026-07-30,17.3700008392334
2026-07-31,16.979999542236328
2026-08-03,17.5
2026-08-04,17.65999984741211
2026-08-05,17.520000457763672
2026-08-06,17.450000762939453
2026-08-07,17.440000534057617
2026-08-10,17.639999389648438
2026-08-11,17.549999237060547
2026-08-12,17.799999237060547
2026-08-13,17.520000457763672
2026-08-14,17.15999984741211
2026-08-17,17.149999618530273
2026-08-18,17.110000610351562
2026-08-19,17.079999923706055
2026-08-20,17.149999618530273
2026-08-21,17.8700008392334
2026-08-24,17.899999618530273
2026-08-25,17.950000762939453
2026-08-26,18.149999618530273
2026-08-27,18.239999771118164
2026-08-28,18.170000076293945
